holdings_as_of,downloaded_at_utc,source_ticker,name,weight
2026-08-13,2026-08-16T12:29:24Z,NVDA,NVIDIA CORP,8.128946
2026-08-13,2026-08-16T12:29:24Z,AAPL,APPLE INC,6.678843
2026-08-13,2026-08-16T12:29:24Z,MSFT,MICROSOFT CORP,5.498368
2026-08-13,2026-08-16T12:29:24Z,AMZN,AMAZON.COM INC,3.866118
2026-08-13,2026-08-16T12:29:24Z,GOOGL,ALPHABET INC CL A,3.025305
2026-08-13,2026-08-16T12:29:24Z,AVGO,BROADCOM INC,2.946795
2026-08-13,2026-08-16T12:29:24Z,GOOG,ALPHABET INC CL C,2.421464
2026-08-13,2026-08-16T12:29:24Z,META,META PLATFORMS INC CLASS A,1.946225
2026-08-13,2026-08-16T12:29:24Z,MU,MICRON TECHNOLOGY INC,1.595485
2026-08-13,2026-08-16T12:29:24Z,JPM,JPMORGAN CHASE + CO,1.449221
2026-08-13,2026-08-16T12:29:24Z,TSLA,TESLA INC,1.425583
2026-08-13,2026-08-16T12:29:24Z,LLY,ELI LILLY + CO,1.422505
2026-08-13,2026-08-16T12:29:24Z,BRK-B,BERKSHIRE HATHAWAY INC CL B,1.384292
2026-08-13,2026-08-16T12:29:24Z,AMD,ADVANCED MICRO DEVICES,1.173086
2026-08-13,2026-08-16T12:29:24Z,XOM,EXXONMOBIL HOLDINGS CORP,0.979185
2026-08-13,2026-08-16T12:29:24Z,JNJ,JOHNSON + JOHNSON,0.93992
2026-08-13,2026-08-16T12:29:24Z,V,VISA INC CLASS A SHARES,0.90337
2026-08-13,2026-08-16T12:29:24Z,INTC,INTEL CORP,0.769231
2026-08-13,2026-08-16T12:29:24Z,WMT,WALMART INC,0.755844
2026-08-13,2026-08-16T12:29:24Z,MA,MASTERCARD INC   A,0.681625
2026-08-13,2026-08-16T12:29:24Z,CSCO,CISCO SYSTEMS INC,0.667699
2026-08-13,2026-08-16T12:29:24Z,ABBV,ABBVIE INC,0.660159
2026-08-13,2026-08-16T12:29:24Z,COST,COSTCO WHOLESALE CORP,0.635695
2026-08-13,2026-08-16T12:29:24Z,AMAT,APPLIED MATERIALS INC,0.631762
2026-08-13,2026-08-16T12:29:24Z,LRCX,LAM RESEARCH CORP,0.627632
2026-08-13,2026-08-16T12:29:24Z,BAC,BANK OF AMERICA CORP,0.623319
2026-08-13,2026-08-16T12:29:24Z,PLTR,PALANTIR TECHNOLOGIES INC A,0.612221
2026-08-13,2026-08-16T12:29:24Z,CAT,CATERPILLAR INC,0.586374
2026-08-13,2026-08-16T12:29:24Z,GE,GENERAL ELECTRIC,0.560508
2026-08-13,2026-08-16T12:29:24Z,CVX,CHEVRON CORP,0.551314
2026-08-13,2026-08-16T12:29:24Z,UNH,UNITEDHEALTH GROUP INC,0.539846
2026-08-13,2026-08-16T12:29:24Z,HD,HOME DEPOT INC,0.506969
2026-08-13,2026-08-16T12:29:24Z,KO,COCA COLA CO/THE,0.504225
2026-08-13,2026-08-16T12:29:24Z,PG,PROCTER + GAMBLE CO/THE,0.500395
2026-08-13,2026-08-16T12:29:24Z,MRK,MERCK + CO. INC.,0.498527
2026-08-13,2026-08-16T12:29:24Z,NFLX,NETFLIX INC,0.490747
2026-08-13,2026-08-16T12:29:24Z,PANW,PALO ALTO NETWORKS INC,0.478556
2026-08-13,2026-08-16T12:29:24Z,GS,GOLDMAN SACHS GROUP INC,0.458171
2026-08-13,2026-08-16T12:29:24Z,RTX,RTX CORP,0.44066
2026-08-13,2026-08-16T12:29:24Z,PM,PHILIP MORRIS INTERNATIONAL,0.438729
2026-08-13,2026-08-16T12:29:24Z,GEV,GE VERNOVA INC,0.420064
2026-08-13,2026-08-16T12:29:24Z,KLAC,KLA CORP,0.407225
2026-08-13,2026-08-16T12:29:24Z,WFC,WELLS FARGO + CO,0.401782
2026-08-13,2026-08-16T12:29:24Z,ORCL,ORACLE CORP,0.394855
2026-08-13,2026-08-16T12:29:24Z,MS,MORGAN STANLEY,0.390083
2026-08-13,2026-08-16T12:29:24Z,TXN,TEXAS INSTRUMENTS INC,0.370516
2026-08-13,2026-08-16T12:29:24Z,C,CITIGROUP INC,0.352581
2026-08-13,2026-08-16T12:29:24Z,CRWD,CROWDSTRIKE HOLDINGS INC   A,0.341873
2026-08-13,2026-08-16T12:29:24Z,SNDK,SANDISK CORP,0.337103
2026-08-13,2026-08-16T12:29:24Z,AMGN,AMGEN INC,0.33582
2026-08-13,2026-08-16T12:29:24Z,IBM,INTL BUSINESS MACHINES CORP,0.332126
2026-08-13,2026-08-16T12:29:24Z,TMO,THERMO FISHER SCIENTIFIC INC,0.329691
2026-08-13,2026-08-16T12:29:24Z,LIN,LINDE PLC,0.329455
2026-08-13,2026-08-16T12:29:24Z,ANET,ARISTA NETWORKS INC,0.313004
2026-08-13,2026-08-16T12:29:24Z,STX,SEAGATE TECHNOLOGY HOLDINGS,0.307853
2026-08-13,2026-08-16T12:29:24Z,APH,AMPHENOL CORP CL A,0.303575
2026-08-13,2026-08-16T12:29:24Z,VZ,VERIZON COMMUNICATIONS INC,0.299745
2026-08-13,2026-08-16T12:29:24Z,MRVL,MARVELL TECHNOLOGY INC,0.289872
2026-08-13,2026-08-16T12:29:24Z,ABT,ABBOTT LABORATORIES,0.288523
2026-08-13,2026-08-16T12:29:24Z,MCD,MCDONALD S CORP,0.287969
2026-08-13,2026-08-16T12:29:24Z,PEP,PEPSICO INC,0.286116
2026-08-13,2026-08-16T12:29:24Z,ADI,ANALOG DEVICES INC,0.277024
2026-08-13,2026-08-16T12:29:24Z,AXP,AMERICAN EXPRESS CO,0.272261
2026-08-13,2026-08-16T12:29:24Z,DIS,WALT DISNEY CO/THE,0.270908
2026-08-13,2026-08-16T12:29:24Z,BA,BOEING CO/THE,0.270294
2026-08-13,2026-08-16T12:29:24Z,SCHW,SCHWAB (CHARLES) CORP,0.267056
2026-08-13,2026-08-16T12:29:24Z,NEE,NEXTERA ENERGY INC,0.266997
2026-08-13,2026-08-16T12:29:24Z,UNP,UNION PACIFIC CORP,0.263185
2026-08-13,2026-08-16T12:29:24Z,ETN,EATON CORP PLC,0.262037
2026-08-13,2026-08-16T12:29:24Z,QCOM,QUALCOMM INC,0.258545
2026-08-13,2026-08-16T12:29:24Z,GILD,GILEAD SCIENCES INC,0.2553
2026-08-13,2026-08-16T12:29:24Z,T,AT+T INC,0.25423
2026-08-13,2026-08-16T12:29:24Z,BLK,BLACKROCK INC,0.254194
2026-08-13,2026-08-16T12:29:24Z,TJX,TJX COMPANIES INC,0.253182
2026-08-13,2026-08-16T12:29:24Z,WDC,WESTERN DIGITAL CORP,0.250281
2026-08-13,2026-08-16T12:29:24Z,WELL,WELLTOWER INC,0.246334
2026-08-13,2026-08-16T12:29:24Z,BKNG,BOOKING HOLDINGS INC,0.246071
2026-08-13,2026-08-16T12:29:24Z,CRM,SALESFORCE INC,0.245201
2026-08-13,2026-08-16T12:29:24Z,UBER,UBER TECHNOLOGIES INC,0.229912
2026-08-13,2026-08-16T12:29:24Z,DE,DEERE + CO,0.228966
2026-08-13,2026-08-16T12:29:24Z,PFE,PFIZER INC,0.22762
2026-08-13,2026-08-16T12:29:24Z,COP,CONOCOPHILLIPS,0.225798
2026-08-13,2026-08-16T12:29:24Z,DELL,DELL TECHNOLOGIES  C,0.212891
2026-08-13,2026-08-16T12:29:24Z,ISRG,INTUITIVE SURGICAL INC,0.211824
2026-08-13,2026-08-16T12:29:24Z,COF,CAPITAL ONE FINANCIAL CORP,0.207297
2026-08-13,2026-08-16T12:29:24Z,PLD,PROLOGIS INC,0.199535
2026-08-13,2026-08-16T12:29:24Z,PH,PARKER HANNIFIN CORP,0.198998
2026-08-13,2026-08-16T12:29:24Z,BMY,BRISTOL MYERS SQUIBB CO,0.196785
2026-08-13,2026-08-16T12:29:24Z,VRTX,VERTEX PHARMACEUTICALS INC,0.195376
2026-08-13,2026-08-16T12:29:24Z,NOW,SERVICENOW INC,0.195305
2026-08-13,2026-08-16T12:29:24Z,DHR,DANAHER CORP,0.191442
2026-08-13,2026-08-16T12:29:24Z,SPGI,S+P GLOBAL INC,0.191039
2026-08-13,2026-08-16T12:29:24Z,CB,CHUBB LTD,0.185226
2026-08-13,2026-08-16T12:29:24Z,GLW,CORNING INC,0.185082
2026-08-13,2026-08-16T12:29:24Z,SBUX,STARBUCKS CORP,0.183355
2026-08-13,2026-08-16T12:29:24Z,LOW,LOWE S COS INC,0.182185
2026-08-13,2026-08-16T12:29:24Z,PGR,PROGRESSIVE CORP,0.181933
2026-08-13,2026-08-16T12:29:24Z,NEM,NEWMONT CORP,0.181715
2026-08-13,2026-08-16T12:29:24Z,CVS,CVS HEALTH CORP,0.180659
2026-08-13,2026-08-16T12:29:24Z,LMT,LOCKHEED MARTIN CORP,0.180599
2026-08-13,2026-08-16T12:29:24Z,SYK,STRYKER CORP,0.175422
2026-08-13,2026-08-16T12:29:24Z,MDT,MEDTRONIC PLC,0.173347
2026-08-13,2026-08-16T12:29:24Z,HWM,HOWMET AEROSPACE INC,0.168676
2026-08-13,2026-08-16T12:29:24Z,BNY,BANK OF NEW YORK MELLON CORP,0.166004
2026-08-13,2026-08-16T12:29:24Z,BX,BLACKSTONE INC,0.16535
2026-08-13,2026-08-16T12:29:24Z,ADP,AUTOMATIC DATA PROCESSING,0.164598
2026-08-13,2026-08-16T12:29:24Z,VRT,VERTIV HOLDINGS CO A,0.164266
2026-08-13,2026-08-16T12:29:24Z,ACN,ACCENTURE PLC CL A,0.163346
2026-08-13,2026-08-16T12:29:24Z,ADBE,ADOBE INC,0.162963
2026-08-13,2026-08-16T12:29:24Z,MO,ALTRIA GROUP INC,0.161994
2026-08-13,2026-08-16T12:29:24Z,EQIX,EQUINIX INC,0.157698
2026-08-13,2026-08-16T12:29:24Z,TT,TRANE TECHNOLOGIES PLC,0.157394
2026-08-13,2026-08-16T12:29:24Z,SO,SOUTHERN CO/THE,0.155916
2026-08-13,2026-08-16T12:29:24Z,MPC,MARATHON PETROLEUM CORP,0.155069
2026-08-13,2026-08-16T12:29:24Z,FTNT,FORTINET INC,0.153574
2026-08-13,2026-08-16T12:29:24Z,MCK,MCKESSON CORP,0.153228
2026-08-13,2026-08-16T12:29:24Z,PNC,PNC FINANCIAL SERVICES GROUP,0.152763
2026-08-13,2026-08-16T12:29:24Z,VLO,VALERO ENERGY CORP,0.151775
2026-08-13,2026-08-16T12:29:24Z,USB,US BANCORP,0.150794
2026-08-13,2026-08-16T12:29:24Z,PWR,QUANTA SERVICES INC,0.150489
2026-08-13,2026-08-16T12:29:24Z,GD,GENERAL DYNAMICS CORP,0.14867
2026-08-13,2026-08-16T12:29:24Z,INTU,INTUIT INC,0.147685
2026-08-13,2026-08-16T12:29:24Z,CME,CME GROUP INC,0.144327
2026-08-13,2026-08-16T12:29:24Z,DUK,DUKE ENERGY CORP,0.143408
2026-08-13,2026-08-16T12:29:24Z,FCX,FREEPORT MCMORAN INC,0.143204
2026-08-13,2026-08-16T12:29:24Z,MMM,3M CO,0.141995
2026-08-13,2026-08-16T12:29:24Z,CMCSA,COMCAST CORP CLASS A,0.139033
2026-08-13,2026-08-16T12:29:24Z,PSX,PHILLIPS 66,0.139007
2026-08-13,2026-08-16T12:29:24Z,CSX,CSX CORP,0.138876
2026-08-13,2026-08-16T12:29:24Z,JCI,JOHNSON CONTROLS INTERNATION,0.137738
2026-08-13,2026-08-16T12:29:24Z,EMR,EMERSON ELECTRIC CO,0.136642
2026-08-13,2026-08-16T12:29:24Z,MRSH,MARSH + MCLENNAN COS,0.135505
2026-08-13,2026-08-16T12:29:24Z,CDNS,CADENCE DESIGN SYS INC,0.133117
2026-08-13,2026-08-16T12:29:24Z,WMB,WILLIAMS COS INC,0.132925
2026-08-13,2026-08-16T12:29:24Z,CEG,CONSTELLATION ENERGY,0.132768
2026-08-13,2026-08-16T12:29:24Z,ICE,INTERCONTINENTAL EXCHANGE IN,0.130865
2026-08-13,2026-08-16T12:29:24Z,CMI,CUMMINS INC,0.129915
2026-08-13,2026-08-16T12:29:24Z,ELV,ELEVANCE HEALTH INC,0.12891
2026-08-13,2026-08-16T12:29:24Z,TMUS,T MOBILE US INC,0.127207
2026-08-13,2026-08-16T12:29:24Z,APP,APPLOVIN CORP CLASS A,0.125395
2026-08-13,2026-08-16T12:29:24Z,DDOG,DATADOG INC   CLASS A,0.124395
2026-08-13,2026-08-16T12:29:24Z,SHW,SHERWIN WILLIAMS CO/THE,0.123617
2026-08-13,2026-08-16T12:29:24Z,WM,WASTE MANAGEMENT INC,0.123471
2026-08-13,2026-08-16T12:29:24Z,DASH,DOORDASH INC   A,0.121982
2026-08-13,2026-08-16T12:29:24Z,MDLZ,MONDELEZ INTERNATIONAL INC A,0.121607
2026-08-13,2026-08-16T12:29:24Z,AMT,AMERICAN TOWER CORP,0.120968
2026-08-13,2026-08-16T12:29:24Z,REGN,REGENERON PHARMACEUTICALS,0.120053
2026-08-13,2026-08-16T12:29:24Z,KKR,KKR + CO INC,0.118824
2026-08-13,2026-08-16T12:29:24Z,HPE,HEWLETT PACKARD ENTERPRISE,0.118273
2026-08-13,2026-08-16T12:29:24Z,ROST,ROSS STORES INC,0.117636
2026-08-13,2026-08-16T12:29:24Z,SNPS,SYNOPSYS INC,0.117571
2026-08-13,2026-08-16T12:29:24Z,UPS,UNITED PARCEL SERVICE CL B,0.117453
2026-08-13,2026-08-16T12:29:24Z,TRV,TRAVELERS COS INC/THE,0.117268
2026-08-13,2026-08-16T12:29:24Z,HOOD,ROBINHOOD MARKETS INC   A,0.116913
2026-08-13,2026-08-16T12:29:24Z,GM,GENERAL MOTORS CO,0.116112
2026-08-13,2026-08-16T12:29:24Z,SLB,SLB LTD,0.116015
2026-08-13,2026-08-16T12:29:24Z,ABNB,AIRBNB INC CLASS A,0.115325
2026-08-13,2026-08-16T12:29:24Z,RCL,ROYAL CARIBBEAN CRUISES LTD,0.115228
2026-08-13,2026-08-16T12:29:24Z,MSI,MOTOROLA SOLUTIONS INC,0.11503
2026-08-13,2026-08-16T12:29:24Z,MAR,MARRIOTT INTERNATIONAL  CL A,0.115013
2026-08-13,2026-08-16T12:29:24Z,BSX,BOSTON SCIENTIFIC CORP,0.11452
2026-08-13,2026-08-16T12:29:24Z,ORLY,O REILLY AUTOMOTIVE INC,0.114359
2026-08-13,2026-08-16T12:29:24Z,NOC,NORTHROP GRUMMAN CORP,0.114357
2026-08-13,2026-08-16T12:29:24Z,AON,AON PLC CLASS A,0.113688
2026-08-13,2026-08-16T12:29:24Z,ITW,ILLINOIS TOOL WORKS,0.113563
2026-08-13,2026-08-16T12:29:24Z,NSC,NORFOLK SOUTHERN CORP,0.112838
2026-08-13,2026-08-16T12:29:24Z,EOG,EOG RESOURCES INC,0.112273
2026-08-13,2026-08-16T12:29:24Z,FDX,FEDEX CORP,0.111031
2026-08-13,2026-08-16T12:29:24Z,CL,COLGATE PALMOLIVE CO,0.110845
2026-08-13,2026-08-16T12:29:24Z,HON,HONEYWELL INTERNATIONAL INC,0.110173
2026-08-13,2026-08-16T12:29:24Z,CI,THE CIGNA GROUP,0.109605
2026-08-13,2026-08-16T12:29:24Z,MCO,MOODY S CORP,0.109148
2026-08-13,2026-08-16T12:29:24Z,HLT,HILTON WORLDWIDE HOLDINGS IN,0.108867
2026-08-13,2026-08-16T12:29:24Z,SPG,SIMON PROPERTY GROUP INC,0.107053
2026-08-13,2026-08-16T12:29:24Z,TGT,TARGET CORP,0.10509
2026-08-13,2026-08-16T12:29:24Z,URI,UNITED RENTALS INC,0.104603
2026-08-13,2026-08-16T12:29:24Z,ECL,ECOLAB INC,0.104311
2026-08-13,2026-08-16T12:29:24Z,TDG,TRANSDIGM GROUP INC,0.103854
2026-08-13,2026-08-16T12:29:24Z,PCAR,PACCAR INC,0.102547
2026-08-13,2026-08-16T12:29:24Z,WBD,WARNER BROS DISCOVERY INC,0.102515
2026-08-13,2026-08-16T12:29:24Z,DLR,DIGITAL REALTY TRUST INC,0.102361
2026-08-13,2026-08-16T12:29:24Z,LITE,LUMENTUM HOLDINGS INC,0.102089
2026-08-13,2026-08-16T12:29:24Z,AEP,AMERICAN ELECTRIC POWER,0.101684
2026-08-13,2026-08-16T12:29:24Z,APD,AIR PRODUCTS + CHEMICALS INC,0.101444
2026-08-13,2026-08-16T12:29:24Z,CTAS,CINTAS CORP,0.101223
2026-08-13,2026-08-16T12:29:24Z,ALL,ALLSTATE CORP,0.099943
2026-08-13,2026-08-16T12:29:24Z,MPWR,MONOLITHIC POWER SYSTEMS INC,0.099712
2026-08-13,2026-08-16T12:29:24Z,MNST,MONSTER BEVERAGE CORP,0.099302
2026-08-13,2026-08-16T12:29:24Z,APO,APOLLO GLOBAL MANAGEMENT INC,0.098704
2026-08-13,2026-08-16T12:29:24Z,TFC,TRUIST FINANCIAL CORP,0.097442
2026-08-13,2026-08-16T12:29:24Z,AJG,ARTHUR J GALLAGHER + CO,0.097074
2026-08-13,2026-08-16T12:29:24Z,CRH,CRH PLC,0.096919
2026-08-13,2026-08-16T12:29:24Z,TER,TERADYNE INC,0.09576
2026-08-13,2026-08-16T12:29:24Z,COHR,COHERENT CORP,0.095412
2026-08-13,2026-08-16T12:29:24Z,HCA,HCA HEALTHCARE INC,0.095306
2026-08-13,2026-08-16T12:29:24Z,BKR,BAKER HUGHES CO,0.093828
2026-08-13,2026-08-16T12:29:24Z,KMI,KINDER MORGAN INC,0.093621
2026-08-13,2026-08-16T12:29:24Z,TEL,TE CONNECTIVITY PLC,0.09343
2026-08-13,2026-08-16T12:29:24Z,CIEN,CIENA CORP,0.093117
2026-08-13,2026-08-16T12:29:24Z,NUE,NUCOR CORP,0.092436
2026-08-13,2026-08-16T12:29:24Z,FIX,COMFORT SYSTEMS USA INC,0.090434
2026-08-13,2026-08-16T12:29:24Z,KEYS,KEYSIGHT TECHNOLOGIES IN,0.09024
2026-08-13,2026-08-16T12:29:24Z,D,DOMINION ENERGY INC,0.089854
2026-08-13,2026-08-16T12:29:24Z,COR,CENCORA INC,0.089742
2026-08-13,2026-08-16T12:29:24Z,DAL,DELTA AIR LINES INC,0.088845
2026-08-13,2026-08-16T12:29:24Z,FAST,FASTENAL CO,0.087854
2026-08-13,2026-08-16T12:29:24Z,AME,AMETEK INC,0.087544
2026-08-13,2026-08-16T12:29:24Z,O,REALTY INCOME CORP,0.087496
2026-08-13,2026-08-16T12:29:24Z,NXPI,NXP SEMICONDUCTORS NV,0.08729
2026-08-13,2026-08-16T12:29:24Z,OKE,ONEOK INC,0.086999
2026-08-13,2026-08-16T12:29:24Z,GWW,WW GRAINGER INC,0.085529
2026-08-13,2026-08-16T12:29:24Z,TRGP,TARGA RESOURCES CORP,0.085377
2026-08-13,2026-08-16T12:29:24Z,SRE,SEMPRA,0.084266
2026-08-13,2026-08-16T12:29:24Z,AFL,AFLAC INC,0.082683
2026-08-13,2026-08-16T12:29:24Z,PSA,PUBLIC STORAGE,0.082177
2026-08-13,2026-08-16T12:29:24Z,ADSK,AUTODESK INC,0.081179
2026-08-13,2026-08-16T12:29:24Z,F,FORD MOTOR CO,0.081033
2026-08-13,2026-08-16T12:29:24Z,CAH,CARDINAL HEALTH INC,0.080735
2026-08-13,2026-08-16T12:29:24Z,HONA,HONEYWELL AEROSPACE INC,0.080194
2026-08-13,2026-08-16T12:29:24Z,LHX,L3HARRIS TECHNOLOGIES INC,0.080104
2026-08-13,2026-08-16T12:29:24Z,PYPL,PAYPAL HOLDINGS INC,0.079666
2026-08-13,2026-08-16T12:29:24Z,EW,EDWARDS LIFESCIENCES CORP,0.079444
2026-08-13,2026-08-16T12:29:24Z,CVNA,CARVANA CO,0.078688
2026-08-13,2026-08-16T12:29:24Z,MET,METLIFE INC,0.078523
2026-08-13,2026-08-16T12:29:24Z,STT,STATE STREET CORP,0.078314
2026-08-13,2026-08-16T12:29:24Z,FITB,FIFTH THIRD BANCORP,0.078086
2026-08-13,2026-08-16T12:29:24Z,AMP,AMERIPRISE FINANCIAL INC,0.076465
2026-08-13,2026-08-16T12:29:24Z,DVN,DEVON ENERGY CORP,0.076067
2026-08-13,2026-08-16T12:29:24Z,GRMN,GARMIN LTD,0.075957
2026-08-13,2026-08-16T12:29:24Z,CTVA,CORTEVA INC,0.07556
2026-08-13,2026-08-16T12:29:24Z,WAB,WABTEC CORP,0.075353
2026-08-13,2026-08-16T12:29:24Z,BDX,BECTON DICKINSON AND CO,0.074744
2026-08-13,2026-08-16T12:29:24Z,AZO,AUTOZONE INC,0.074656
2026-08-13,2026-08-16T12:29:24Z,AXON,AXON ENTERPRISE INC,0.073979
2026-08-13,2026-08-16T12:29:24Z,ROK,ROCKWELL AUTOMATION INC,0.07387
2026-08-13,2026-08-16T12:29:24Z,CARR,CARRIER GLOBAL CORP,0.073722
2026-08-13,2026-08-16T12:29:24Z,NKE,NIKE INC  CL B,0.073717
2026-08-13,2026-08-16T12:29:24Z,XEL,XCEL ENERGY INC,0.073495
2026-08-13,2026-08-16T12:29:24Z,ETR,ENTERGY CORP,0.072964
2026-08-13,2026-08-16T12:29:24Z,FERG,FERGUSON ENTERPRISES INC,0.071347
2026-08-13,2026-08-16T12:29:24Z,EXC,EXELON CORP,0.069549
2026-08-13,2026-08-16T12:29:24Z,EBAY,EBAY INC,0.06921
2026-08-13,2026-08-16T12:29:24Z,VST,VISTRA CORP,0.069172
2026-08-13,2026-08-16T12:29:24Z,HUM,HUMANA INC,0.068915
2026-08-13,2026-08-16T12:29:24Z,FLEX,FLEX LTD,0.068121
2026-08-13,2026-08-16T12:29:24Z,IDXX,IDEXX LABORATORIES INC,0.066679
2026-08-13,2026-08-16T12:29:24Z,CBRE,CBRE GROUP INC   A,0.0663
2026-08-13,2026-08-16T12:29:24Z,XYZ,BLOCK INC,0.066285
2026-08-13,2026-08-16T12:29:24Z,VTR,VENTAS INC,0.065434
2026-08-13,2026-08-16T12:29:24Z,NDAQ,NASDAQ INC,0.064993
2026-08-13,2026-08-16T12:29:24Z,PRU,PRUDENTIAL FINANCIAL INC,0.064524
2026-08-13,2026-08-16T12:29:24Z,RSG,REPUBLIC SERVICES INC,0.064156
2026-08-13,2026-08-16T12:29:24Z,KDP,KEURIG DR PEPPER INC,0.063113
2026-08-13,2026-08-16T12:29:24Z,A,AGILENT TECHNOLOGIES INC,0.062893
2026-08-13,2026-08-16T12:29:24Z,TTWO,TAKE TWO INTERACTIVE SOFTWRE,0.06277
2026-08-13,2026-08-16T12:29:24Z,WDAY,WORKDAY INC CLASS A,0.062687
2026-08-13,2026-08-16T12:29:24Z,MCHP,MICROCHIP TECHNOLOGY INC,0.06267
2026-08-13,2026-08-16T12:29:24Z,OXY,OCCIDENTAL PETROLEUM CORP,0.06245
2026-08-13,2026-08-16T12:29:24Z,CMG,CHIPOTLE MEXICAN GRILL INC,0.06235
2026-08-13,2026-08-16T12:29:24Z,MSCI,MSCI INC,0.062188
2026-08-13,2026-08-16T12:29:24Z,YUM,YUM  BRANDS INC,0.06198
2026-08-13,2026-08-16T12:29:24Z,UAL,UNITED AIRLINES HOLDINGS INC,0.061127
2026-08-13,2026-08-16T12:29:24Z,IBKR,INTERACTIVE BROKERS GRO CL A,0.060704
2026-08-13,2026-08-16T12:29:24Z,WAT,WATERS CORP,0.060443
2026-08-13,2026-08-16T12:29:24Z,NTAP,NETAPP INC,0.060378
2026-08-13,2026-08-16T12:29:24Z,PAYX,PAYCHEX INC,0.060287
2026-08-13,2026-08-16T12:29:24Z,IQV,IQVIA HOLDINGS INC,0.060093
2026-08-13,2026-08-16T12:29:24Z,AIG,AMERICAN INTERNATIONAL GROUP,0.060086
2026-08-13,2026-08-16T12:29:24Z,ROP,ROPER TECHNOLOGIES INC,0.059773
2026-08-13,2026-08-16T12:29:24Z,SYY,SYSCO CORP,0.059551
2026-08-13,2026-08-16T12:29:24Z,ED,CONSOLIDATED EDISON INC,0.059549
2026-08-13,2026-08-16T12:29:24Z,DHI,DR HORTON INC,0.058923
2026-08-13,2026-08-16T12:29:24Z,ODFL,OLD DOMINION FREIGHT LINE,0.058849
2026-08-13,2026-08-16T12:29:24Z,JBL,JABIL INC,0.058229
2026-08-13,2026-08-16T12:29:24Z,FANG,DIAMONDBACK ENERGY INC,0.057715
2026-08-13,2026-08-16T12:29:24Z,ADM,ARCHER DANIELS MIDLAND CO,0.057575
2026-08-13,2026-08-16T12:29:24Z,PCG,P G + E CORP,0.057314
2026-08-13,2026-08-16T12:29:24Z,VEEV,VEEVA SYSTEMS INC CLASS A,0.05654
2026-08-13,2026-08-16T12:29:24Z,PEG,PUBLIC SERVICE ENTERPRISE GP,0.056402
2026-08-13,2026-08-16T12:29:24Z,HIG,HARTFORD INSURANCE GROUP INC,0.056314
2026-08-13,2026-08-16T12:29:24Z,IRM,IRON MOUNTAIN INC,0.056149
2026-08-13,2026-08-16T12:29:24Z,EXPE,EXPEDIA GROUP INC,0.05602
2026-08-13,2026-08-16T12:29:24Z,MTB,M + T BANK CORP,0.055286
2026-08-13,2026-08-16T12:29:24Z,EME,EMCOR GROUP INC,0.055086
2026-08-13,2026-08-16T12:29:24Z,KVUE,KENVUE INC,0.05495
2026-08-13,2026-08-16T12:29:24Z,KMB,KIMBERLY CLARK CORP,0.054768
2026-08-13,2026-08-16T12:29:24Z,CCL,CARNIVAL CORP LTD,0.054308
2026-08-13,2026-08-16T12:29:24Z,HBAN,HUNTINGTON BANCSHARES INC,0.053694
2026-08-13,2026-08-16T12:29:24Z,VMC,VULCAN MATERIALS CO,0.05367
2026-08-13,2026-08-16T12:29:24Z,WEC,WEC ENERGY GROUP INC,0.053084
2026-08-13,2026-08-16T12:29:24Z,STLD,STEEL DYNAMICS INC,0.052658
2026-08-13,2026-08-16T12:29:24Z,NTRS,NORTHERN TRUST CORP,0.052535
2026-08-13,2026-08-16T12:29:24Z,DXCM,DEXCOM INC,0.052443
2026-08-13,2026-08-16T12:29:24Z,COIN,COINBASE GLOBAL INC  CLASS A,0.051026
2026-08-13,2026-08-16T12:29:24Z,ACGL,ARCH CAPITAL GROUP LTD,0.050852
2026-08-13,2026-08-16T12:29:24Z,EQT,EQT CORP,0.050418
2026-08-13,2026-08-16T12:29:24Z,GEHC,GE HEALTHCARE TECHNOLOGY,0.050036
2026-08-13,2026-08-16T12:29:24Z,CCI,CROWN CASTLE INC,0.049353
2026-08-13,2026-08-16T12:29:24Z,RMD,RESMED INC,0.049023
2026-08-13,2026-08-16T12:29:24Z,MLM,MARTIN MARIETTA MATERIALS,0.048769
2026-08-13,2026-08-16T12:29:24Z,KR,KROGER CO,0.048061
2026-08-13,2026-08-16T12:29:24Z,ON,ON SEMICONDUCTOR,0.047644
2026-08-13,2026-08-16T12:29:24Z,ZTS,ZOETIS INC,0.047393
2026-08-13,2026-08-16T12:29:24Z,CASY,CASEY S GENERAL STORES INC,0.047096
2026-08-13,2026-08-16T12:29:24Z,EXR,EXTRA SPACE STORAGE INC,0.04704
2026-08-13,2026-08-16T12:29:24Z,WTW,WILLIS TOWERS WATSON PLC,0.047031
2026-08-13,2026-08-16T12:29:24Z,ARES,ARES MANAGEMENT CORP   A,0.046983
2026-08-13,2026-08-16T12:29:24Z,RJF,RAYMOND JAMES FINANCIAL INC,0.046799
2026-08-13,2026-08-16T12:29:24Z,CFG,CITIZENS FINANCIAL GROUP,0.046714
2026-08-13,2026-08-16T12:29:24Z,TDY,TELEDYNE TECHNOLOGIES INC,0.046532
2026-08-13,2026-08-16T12:29:24Z,BIIB,BIOGEN INC,0.046425
2026-08-13,2026-08-16T12:29:24Z,CNC,CENTENE CORP,0.046115
2026-08-13,2026-08-16T12:29:24Z,CBOE,CBOE GLOBAL MARKETS INC,0.045811
2026-08-13,2026-08-16T12:29:24Z,AEE,AMEREN CORPORATION,0.045
2026-08-13,2026-08-16T12:29:24Z,IR,INGERSOLL RAND INC,0.044693
2026-08-13,2026-08-16T12:29:24Z,Q,QNITY ELECTRONICS INC,0.044464
2026-08-13,2026-08-16T12:29:24Z,FISV,FISERV INC,0.044115
2026-08-13,2026-08-16T12:29:24Z,LYV,LIVE NATION ENTERTAINMENT IN,0.043894
2026-08-13,2026-08-16T12:29:24Z,DTE,DTE ENERGY COMPANY,0.043268
2026-08-13,2026-08-16T12:29:24Z,MTD,METTLER TOLEDO INTERNATIONAL,0.042872
2026-08-13,2026-08-16T12:29:24Z,VICI,VICI PROPERTIES INC,0.042862
2026-08-13,2026-08-16T12:29:24Z,HPQ,HP INC,0.042695
2026-08-13,2026-08-16T12:29:24Z,XYL,XYLEM INC,0.042633
2026-08-13,2026-08-16T12:29:24Z,WSM,WILLIAMS SONOMA INC,0.042544
2026-08-13,2026-08-16T12:29:24Z,ATO,ATMOS ENERGY CORP,0.042066
2026-08-13,2026-08-16T12:29:24Z,CTSH,COGNIZANT TECH SOLUTIONS A,0.041881
2026-08-13,2026-08-16T12:29:24Z,OTIS,OTIS WORLDWIDE CORP,0.041516
2026-08-13,2026-08-16T12:29:24Z,DOV,DOVER CORP,0.041514
2026-08-13,2026-08-16T12:29:24Z,CPAY,CORPAY INC,0.041436
2026-08-13,2026-08-16T12:29:24Z,HAL,HALLIBURTON CO,0.04088
2026-08-13,2026-08-16T12:29:24Z,HSY,HERSHEY CO/THE,0.040875
2026-08-13,2026-08-16T12:29:24Z,EIX,EDISON INTERNATIONAL,0.04054
2026-08-13,2026-08-16T12:29:24Z,ES,EVERSOURCE ENERGY,0.040428
2026-08-13,2026-08-16T12:29:24Z,RF,REGIONS FINANCIAL CORP,0.040273
2026-08-13,2026-08-16T12:29:24Z,SYF,SYNCHRONY FINANCIAL,0.040152
2026-08-13,2026-08-16T12:29:24Z,DG,DOLLAR GENERAL CORP,0.040125
2026-08-13,2026-08-16T12:29:24Z,PPL,PPL CORP,0.040013
2026-08-13,2026-08-16T12:29:24Z,HUBB,HUBBELL INC,0.039964
2026-08-13,2026-08-16T12:29:24Z,CINF,CINCINNATI FINANCIAL CORP,0.03982
2026-08-13,2026-08-16T12:29:24Z,AWK,AMERICAN WATER WORKS CO INC,0.039718
2026-08-13,2026-08-16T12:29:24Z,CNP,CENTERPOINT ENERGY INC,0.039457
2026-08-13,2026-08-16T12:29:24Z,LH,LABCORP HOLDINGS INC,0.039442
2026-08-13,2026-08-16T12:29:24Z,DGX,QUEST DIAGNOSTICS INC,0.038943
2026-08-13,2026-08-16T12:29:24Z,CPRT,COPART INC,0.038826
2026-08-13,2026-08-16T12:29:24Z,SW,SMURFIT WESTROCK PLC,0.038777
2026-08-13,2026-08-16T12:29:24Z,TPR,TAPESTRY INC,0.038726
2026-08-13,2026-08-16T12:29:24Z,FICO,FAIR ISAAC CORP,0.038341
2026-08-13,2026-08-16T12:29:24Z,DRI,DARDEN RESTAURANTS INC,0.038148
2026-08-13,2026-08-16T12:29:24Z,PPG,PPG INDUSTRIES INC,0.038117
2026-08-13,2026-08-16T12:29:24Z,AVB,AVALONBAY COMMUNITIES INC,0.038088
2026-08-13,2026-08-16T12:29:24Z,NRG,NRG ENERGY INC,0.037657
2026-08-13,2026-08-16T12:29:24Z,OMC,OMNICOM GROUP,0.037536
2026-08-13,2026-08-16T12:29:24Z,PHM,PULTEGROUP INC,0.037062
2026-08-13,2026-08-16T12:29:24Z,EXPD,EXPEDITORS INTL WASH INC,0.03647
2026-08-13,2026-08-16T12:29:24Z,WST,WEST PHARMACEUTICAL SERVICES,0.036454
2026-08-13,2026-08-16T12:29:24Z,FE,FIRSTENERGY CORP,0.036346
2026-08-13,2026-08-16T12:29:24Z,VRSK,VERISK ANALYTICS INC,0.036316
2026-08-13,2026-08-16T12:29:24Z,FSLR,FIRST SOLAR INC,0.035795
2026-08-13,2026-08-16T12:29:24Z,VLTO,VERALTO CORP,0.035704
2026-08-13,2026-08-16T12:29:24Z,CHD,CHURCH + DWIGHT CO INC,0.035585
2026-08-13,2026-08-16T12:29:24Z,TROW,T ROWE PRICE GROUP INC,0.035546
2026-08-13,2026-08-16T12:29:24Z,VRSN,VERISIGN INC,0.035039
2026-08-13,2026-08-16T12:29:24Z,DLTR,DOLLAR TREE INC,0.034966
2026-08-13,2026-08-16T12:29:24Z,FFIV,F5 INC,0.034947
2026-08-13,2026-08-16T12:29:24Z,STE,STERIS PLC,0.034514
2026-08-13,2026-08-16T12:29:24Z,FIS,FIDELITY NATIONAL INFO SERV,0.034002
2026-08-13,2026-08-16T12:29:24Z,PKG,PACKAGING CORP OF AMERICA,0.033916
2026-08-13,2026-08-16T12:29:24Z,EXE,EXPAND ENERGY CORP,0.03379
2026-08-13,2026-08-16T12:29:24Z,PFG,PRINCIPAL FINANCIAL GROUP,0.033664
2026-08-13,2026-08-16T12:29:24Z,EQR,EQUITY RESIDENTIAL,0.03353
2026-08-13,2026-08-16T12:29:24Z,MRNA,MODERNA INC,0.033507
2026-08-13,2026-08-16T12:29:24Z,ULTA,ULTA BEAUTY INC,0.033463
2026-08-13,2026-08-16T12:29:24Z,EFX,EQUIFAX INC,0.032938
2026-08-13,2026-08-16T12:29:24Z,GPN,GLOBAL PAYMENTS INC,0.032869
2026-08-13,2026-08-16T12:29:24Z,SMCI,SUPER MICRO COMPUTER INC,0.032848
2026-08-13,2026-08-16T12:29:24Z,LUV,SOUTHWEST AIRLINES CO,0.03268
2026-08-13,2026-08-16T12:29:24Z,DOW,DOW INC,0.032503
2026-08-13,2026-08-16T12:29:24Z,KHC,KRAFT HEINZ CO/THE,0.032399
2026-08-13,2026-08-16T12:29:24Z,CMS,CMS ENERGY CORP,0.032319
2026-08-13,2026-08-16T12:29:24Z,EL,ESTEE LAUDER COMPANIES CL A,0.032086
2026-08-13,2026-08-16T12:29:24Z,IFF,INTL FLAVORS + FRAGRANCES,0.032065
2026-08-13,2026-08-16T12:29:24Z,IP,INTERNATIONAL PAPER CO,0.032022
2026-08-13,2026-08-16T12:29:24Z,AMCR,AMCOR PLC,0.031742
2026-08-13,2026-08-16T12:29:24Z,KEY,KEYCORP,0.031582
2026-08-13,2026-08-16T12:29:24Z,JBHT,HUNT (JB) TRANSPRT SVCS INC,0.031332
2026-08-13,2026-08-16T12:29:24Z,SNA,SNAP ON INC,0.031243
2026-08-13,2026-08-16T12:29:24Z,BRO,BROWN + BROWN INC,0.031115
2026-08-13,2026-08-16T12:29:24Z,GIS,GENERAL MILLS INC,0.030952
2026-08-13,2026-08-16T12:29:24Z,WRB,WR BERKLEY CORP,0.030889
2026-08-13,2026-08-16T12:29:24Z,NI,NISOURCE INC,0.029989
2026-08-13,2026-08-16T12:29:24Z,TPL,TEXAS PACIFIC LAND CORP,0.029962
2026-08-13,2026-08-16T12:29:24Z,INCY,INCYTE CORP,0.029937
2026-08-13,2026-08-16T12:29:24Z,BR,BROADRIDGE FINANCIAL SOLUTIO,0.029693
2026-08-13,2026-08-16T12:29:24Z,SBAC,SBA COMMUNICATIONS CORP,0.029426
2026-08-13,2026-08-16T12:29:24Z,DD,DUPONT DE NEMOURS INC,0.029136
2026-08-13,2026-08-16T12:29:24Z,ZBH,ZIMMER BIOMET HOLDINGS INC,0.028712
2026-08-13,2026-08-16T12:29:24Z,EVRG,EVERGY INC,0.028692
2026-08-13,2026-08-16T12:29:24Z,L,LOEWS CORP,0.028353
2026-08-13,2026-08-16T12:29:24Z,STZ,CONSTELLATION BRANDS INC A,0.028346
2026-08-13,2026-08-16T12:29:24Z,TSCO,TRACTOR SUPPLY COMPANY,0.028276
2026-08-13,2026-08-16T12:29:24Z,FTV,FORTIVE CORP,0.02809
2026-08-13,2026-08-16T12:29:24Z,LEN,LENNAR CORP A,0.028089
2026-08-13,2026-08-16T12:29:24Z,VTRS,VIATRIS INC,0.027814
2026-08-13,2026-08-16T12:29:24Z,GPC,GENUINE PARTS CO,0.027769
2026-08-13,2026-08-16T12:29:24Z,ESS,ESSEX PROPERTY TRUST INC,0.027517
2026-08-13,2026-08-16T12:29:24Z,AKAM,AKAMAI TECHNOLOGIES INC,0.027149
2026-08-13,2026-08-16T12:29:24Z,CDW,CDW CORP/DE,0.027049
2026-08-13,2026-08-16T12:29:24Z,ZBRA,ZEBRA TECHNOLOGIES CORP CL A,0.02697
2026-08-13,2026-08-16T12:29:24Z,LNT,ALLIANT ENERGY CORP,0.026876
2026-08-13,2026-08-16T12:29:24Z,LDOS,LEIDOS HOLDINGS INC,0.02674
2026-08-13,2026-08-16T12:29:24Z,CF,CF INDUSTRIES HOLDINGS INC,0.026667
2026-08-13,2026-08-16T12:29:24Z,PTC,PTC INC,0.026497
2026-08-13,2026-08-16T12:29:24Z,WY,WEYERHAEUSER CO,0.026476
2026-08-13,2026-08-16T12:29:24Z,IEX,IDEX CORP,0.026384
2026-08-13,2026-08-16T12:29:24Z,CHRW,C.H. ROBINSON WORLDWIDE INC,0.026236
2026-08-13,2026-08-16T12:29:24Z,NVR,NVR INC,0.025601
2026-08-13,2026-08-16T12:29:24Z,J,JACOBS SOLUTIONS INC,0.025323
2026-08-13,2026-08-16T12:29:24Z,BBY,BEST BUY CO INC,0.025014
2026-08-13,2026-08-16T12:29:24Z,INVH,INVITATION HOMES INC,0.024685
2026-08-13,2026-08-16T12:29:24Z,BALL,BALL CORP,0.024576
2026-08-13,2026-08-16T12:29:24Z,FDXF,FEDEX FREIGHT HOLDING CO,0.024554
2026-08-13,2026-08-16T12:29:24Z,KIM,KIMCO REALTY CORP,0.024518
2026-08-13,2026-08-16T12:29:24Z,NDSN,NORDSON CORP,0.024497
2026-08-13,2026-08-16T12:29:24Z,GEN,GEN DIGITAL INC,0.02416
2026-08-13,2026-08-16T12:29:24Z,LYB,LYONDELLBASELL INDU CL A,0.024105
2026-08-13,2026-08-16T12:29:24Z,TSN,TYSON FOODS INC CL A,0.023713
2026-08-13,2026-08-16T12:29:24Z,SWK,STANLEY BLACK + DECKER INC,0.023683
2026-08-13,2026-08-16T12:29:24Z,MAA,MID AMERICA APARTMENT COMM,0.023274
2026-08-13,2026-08-16T12:29:24Z,ALB,ALBEMARLE CORP,0.022905
2026-08-13,2026-08-16T12:29:24Z,BG,BUNGE GLOBAL SA,0.022893
2026-08-13,2026-08-16T12:29:24Z,TXT,TEXTRON INC,0.022771
2026-08-13,2026-08-16T12:29:24Z,MAS,MASCO CORP,0.0225
2026-08-13,2026-08-16T12:29:24Z,RL,RALPH LAUREN CORP,0.022374
2026-08-13,2026-08-16T12:29:24Z,COO,COOPER COS INC/THE,0.022273
2026-08-13,2026-08-16T12:29:24Z,HST,HOST HOTELS + RESORTS INC,0.021599
2026-08-13,2026-08-16T12:29:24Z,EG,EVEREST GROUP LTD,0.021594
2026-08-13,2026-08-16T12:29:24Z,DOC,HEALTHPEAK PROPERTIES INC,0.021468
2026-08-13,2026-08-16T12:29:24Z,IVZ,INVESCO LTD,0.021287
2026-08-13,2026-08-16T12:29:24Z,ALLE,ALLEGION PLC,0.021082
2026-08-13,2026-08-16T12:29:24Z,APA,APA CORP,0.021076
2026-08-13,2026-08-16T12:29:24Z,BAX,BAXTER INTERNATIONAL INC,0.020919
2026-08-13,2026-08-16T12:29:24Z,GL,GLOBE LIFE INC,0.020911
2026-08-13,2026-08-16T12:29:24Z,AIZ,ASSURANT INC,0.020758
2026-08-13,2026-08-16T12:29:24Z,MKC,MCCORMICK + CO NON VTG SHRS,0.020677
2026-08-13,2026-08-16T12:29:24Z,TYL,TYLER TECHNOLOGIES INC,0.02066
2026-08-13,2026-08-16T12:29:24Z,AVY,AVERY DENNISON CORP,0.020518
2026-08-13,2026-08-16T12:29:24Z,LVS,LAS VEGAS SANDS CORP,0.020343
2026-08-13,2026-08-16T12:29:24Z,CRL,CHARLES RIVER LABORATORIES,0.020196
2026-08-13,2026-08-16T12:29:24Z,CSGP,COSTAR GROUP INC,0.020119
2026-08-13,2026-08-16T12:29:24Z,TRMB,TRIMBLE INC,0.019993
2026-08-13,2026-08-16T12:29:24Z,GDDY,GODADDY INC   CLASS A,0.019839
2026-08-13,2026-08-16T12:29:24Z,LII,LENNOX INTERNATIONAL INC,0.019729
2026-08-13,2026-08-16T12:29:24Z,DECK,DECKERS OUTDOOR CORP,0.019671
2026-08-13,2026-08-16T12:29:24Z,RVTY,REVVITY INC,0.019544
2026-08-13,2026-08-16T12:29:24Z,CHTR,CHARTER COMMUNICATIONS INC A,0.019505
2026-08-13,2026-08-16T12:29:24Z,FOXA,FOX CORP   CLASS A,0.019462
2026-08-13,2026-08-16T12:29:24Z,CLX,CLOROX COMPANY,0.019306
2026-08-13,2026-08-16T12:29:24Z,HAS,HASBRO INC,0.019228
2026-08-13,2026-08-16T12:29:24Z,HII,HUNTINGTON INGALLS INDUSTRIE,0.019046
2026-08-13,2026-08-16T12:29:24Z,SJM,JM SMUCKER CO/THE,0.019002
2026-08-13,2026-08-16T12:29:24Z,SOLV,SOLVENTUM CORP,0.018968
2026-08-13,2026-08-16T12:29:24Z,REG,REGENCY CENTERS CORP,0.018879
2026-08-13,2026-08-16T12:29:24Z,GNRC,GENERAC HOLDINGS INC,0.018835
2026-08-13,2026-08-16T12:29:24Z,TKO,TKO GROUP HOLDINGS INC,0.018733
2026-08-13,2026-08-16T12:29:24Z,LULU,LULULEMON ATHLETICA INC,0.018666
2026-08-13,2026-08-16T12:29:24Z,ECHO,ECHOSTAR CORP A,0.018464
2026-08-13,2026-08-16T12:29:24Z,IT,GARTNER INC,0.018297
2026-08-13,2026-08-16T12:29:24Z,PNW,PINNACLE WEST CAPITAL,0.018204
2026-08-13,2026-08-16T12:29:24Z,ALGN,ALIGN TECHNOLOGY INC,0.01731
2026-08-13,2026-08-16T12:29:24Z,TECH,BIO TECHNE CORP,0.016872
2026-08-13,2026-08-16T12:29:24Z,UDR,UDR INC,0.01672
2026-08-13,2026-08-16T12:29:24Z,CPT,CAMDEN PROPERTY TRUST,0.016549
2026-08-13,2026-08-16T12:29:24Z,JKHY,JACK HENRY + ASSOCIATES INC,0.016503
2026-08-13,2026-08-16T12:29:24Z,PNR,PENTAIR PLC,0.016111
2026-08-13,2026-08-16T12:29:24Z,DPZ,DOMINO S PIZZA INC,0.016015
2026-08-13,2026-08-16T12:29:24Z,ROL,ROLLINS INC,0.015857
2026-08-13,2026-08-16T12:29:24Z,NWSA,NEWS CORP   CLASS A,0.015739
2026-08-13,2026-08-16T12:29:24Z,AES,AES CORP,0.015658
2026-08-13,2026-08-16T12:29:24Z,SWKS,SKYWORKS SOLUTIONS INC,0.015638
2026-08-13,2026-08-16T12:29:24Z,FDS,FACTSET RESEARCH SYSTEMS INC,0.015592
2026-08-13,2026-08-16T12:29:24Z,APTV,APTIV PLC,0.01553
2026-08-13,2026-08-16T12:29:24Z,BEN,FRANKLIN RESOURCES INC,0.015475
2026-08-13,2026-08-16T12:29:24Z,BXP,BXP INC,0.015241
2026-08-13,2026-08-16T12:29:24Z,PODD,INSULET CORP,0.015117
2026-08-13,2026-08-16T12:29:24Z,FRT,FEDERAL REALTY INVS TRUST,0.013979
2026-08-13,2026-08-16T12:29:24Z,UHS,UNIVERSAL HEALTH SERVICES B,0.013602
2026-08-13,2026-08-16T12:29:24Z,NCLH,NORWEGIAN CRUISE LINE HOLDIN,0.013471
2026-08-13,2026-08-16T12:29:24Z,HSIC,HENRY SCHEIN INC,0.013006
2026-08-13,2026-08-16T12:29:24Z,WYNN,WYNN RESORTS LTD,0.012762
2026-08-13,2026-08-16T12:29:24Z,MGM,MGM RESORTS INTERNATIONAL,0.01246
2026-08-13,2026-08-16T12:29:24Z,FOX,FOX CORP   CLASS B,0.012115
2026-08-13,2026-08-16T12:29:24Z,BLDR,BUILDERS FIRSTSOURCE INC,0.011791
2026-08-13,2026-08-16T12:29:24Z,ARE,ALEXANDRIA REAL ESTATE EQUIT,0.011279
2026-08-13,2026-08-16T12:29:24Z,HRL,HORMEL FOODS CORP,0.010625
2026-08-13,2026-08-16T12:29:24Z,AOS,SMITH (A.O.) CORP,0.010427
2026-08-13,2026-08-16T12:29:24Z,MOS,MOSAIC CO/THE,0.010393
2026-08-13,2026-08-16T12:29:24Z,TAP,MOLSON COORS BEVERAGE CO   B,0.010072
2026-08-13,2026-08-16T12:29:24Z,ERIE,ERIE INDEMNITY COMPANY CL A,0.009684
2026-08-13,2026-08-16T12:29:24Z,TTD,TRADE DESK INC/THE  CLASS A,0.009267
2026-08-13,2026-08-16T12:29:24Z,DVA,DAVITA INC,0.00858
2026-08-13,2026-08-16T12:29:24Z,BF-B,BROWN FORMAN CORP CLASS B,0.007035
2026-08-13,2026-08-16T12:29:24Z,NWS,NEWS CORP   CLASS B,0.005986
2026-08-13,2026-08-16T12:29:24Z,PSKY,PARAMOUNT SKYDANCE CL B,0.00467
