holdings_as_of,downloaded_at_utc,source_ticker,name,weight
2026-07-16,2026-07-19T13:06:59Z,NVDA,NVIDIA CORP,7.753349
2026-07-16,2026-07-19T13:06:59Z,AAPL,APPLE INC,7.554836
2026-07-16,2026-07-19T13:06:59Z,MSFT,MICROSOFT CORP,4.59891
2026-07-16,2026-07-19T13:06:59Z,AMZN,AMAZON.COM INC,3.775678
2026-07-16,2026-07-19T13:06:59Z,GOOGL,ALPHABET INC CL A,3.208115
2026-07-16,2026-07-19T13:06:59Z,AVGO,BROADCOM INC,2.736524
2026-07-16,2026-07-19T13:06:59Z,GOOG,ALPHABET INC CL C,2.581198
2026-07-16,2026-07-19T13:06:59Z,META,META PLATFORMS INC CLASS A,2.252643
2026-07-16,2026-07-19T13:06:59Z,TSLA,TESLA INC,1.699433
2026-07-16,2026-07-19T13:06:59Z,MU,MICRON TECHNOLOGY INC,1.4852
2026-07-16,2026-07-19T13:06:59Z,LLY,ELI LILLY + CO,1.427676
2026-07-16,2026-07-19T13:06:59Z,JPM,JPMORGAN CHASE + CO,1.419348
2026-07-16,2026-07-19T13:06:59Z,BRK-B,BERKSHIRE HATHAWAY INC CL B,1.395521
2026-07-16,2026-07-19T13:06:59Z,AMD,ADVANCED MICRO DEVICES,1.260906
2026-07-16,2026-07-19T13:06:59Z,V,VISA INC CLASS A SHARES,0.935606
2026-07-16,2026-07-19T13:06:59Z,XOM,EXXONMOBIL HOLDINGS CORP,0.933912
2026-07-16,2026-07-19T13:06:59Z,JNJ,JOHNSON + JOHNSON,0.928916
2026-07-16,2026-07-19T13:06:59Z,WMT,WALMART INC,0.778032
2026-07-16,2026-07-19T13:06:59Z,INTC,INTEL CORP,0.707325
2026-07-16,2026-07-19T13:06:59Z,ABBV,ABBVIE INC,0.693893
2026-07-16,2026-07-19T13:06:59Z,AMAT,APPLIED MATERIALS INC,0.687252
2026-07-16,2026-07-19T13:06:59Z,MA,MASTERCARD INC   A,0.687107
2026-07-16,2026-07-19T13:06:59Z,CSCO,CISCO SYSTEMS INC,0.668297
2026-07-16,2026-07-19T13:06:59Z,COST,COSTCO WHOLESALE CORP,0.647224
2026-07-16,2026-07-19T13:06:59Z,CAT,CATERPILLAR INC,0.623762
2026-07-16,2026-07-19T13:06:59Z,LRCX,LAM RESEARCH CORP,0.619681
2026-07-16,2026-07-19T13:06:59Z,BAC,BANK OF AMERICA CORP,0.619362
2026-07-16,2026-07-19T13:06:59Z,UNH,UNITEDHEALTH GROUP INC,0.593174
2026-07-16,2026-07-19T13:06:59Z,GE,GENERAL ELECTRIC,0.556508
2026-07-16,2026-07-19T13:06:59Z,PG,PROCTER + GAMBLE CO/THE,0.544251
2026-07-16,2026-07-19T13:06:59Z,HD,HOME DEPOT INC,0.534761
2026-07-16,2026-07-19T13:06:59Z,CVX,CHEVRON CORP,0.531006
2026-07-16,2026-07-19T13:06:59Z,KO,COCA COLA CO/THE,0.507276
2026-07-16,2026-07-19T13:06:59Z,GS,GOLDMAN SACHS GROUP INC,0.498554
2026-07-16,2026-07-19T13:06:59Z,MRK,MERCK + CO. INC.,0.486471
2026-07-16,2026-07-19T13:06:59Z,NFLX,NETFLIX INC,0.48298
2026-07-16,2026-07-19T13:06:59Z,PLTR,PALANTIR TECHNOLOGIES INC A,0.476189
2026-07-16,2026-07-19T13:06:59Z,PM,PHILIP MORRIS INTERNATIONAL,0.456614
2026-07-16,2026-07-19T13:06:59Z,PANW,PALO ALTO NETWORKS INC,0.443045
2026-07-16,2026-07-19T13:06:59Z,KLAC,KLA CORP,0.442443
2026-07-16,2026-07-19T13:06:59Z,GEV,GE VERNOVA INC,0.429568
2026-07-16,2026-07-19T13:06:59Z,WFC,WELLS FARGO + CO,0.415924
2026-07-16,2026-07-19T13:06:59Z,TXN,TEXAS INSTRUMENTS INC,0.409127
2026-07-16,2026-07-19T13:06:59Z,MS,MORGAN STANLEY,0.403979
2026-07-16,2026-07-19T13:06:59Z,RTX,RTX CORP,0.403938
2026-07-16,2026-07-19T13:06:59Z,LIN,LINDE PLC,0.371558
2026-07-16,2026-07-19T13:06:59Z,C,CITIGROUP INC,0.346679
2026-07-16,2026-07-19T13:06:59Z,ORCL,ORACLE CORP,0.325145
2026-07-16,2026-07-19T13:06:59Z,SNDK,SANDISK CORP,0.322384
2026-07-16,2026-07-19T13:06:59Z,CRWD,CROWDSTRIKE HOLDINGS INC   A,0.320298
2026-07-16,2026-07-19T13:06:59Z,IBM,INTL BUSINESS MACHINES CORP,0.317734
2026-07-16,2026-07-19T13:06:59Z,TMO,THERMO FISHER SCIENTIFIC INC,0.311605
2026-07-16,2026-07-19T13:06:59Z,AMGN,AMGEN INC,0.309289
2026-07-16,2026-07-19T13:06:59Z,MCD,MCDONALD S CORP,0.299952
2026-07-16,2026-07-19T13:06:59Z,AXP,AMERICAN EXPRESS CO,0.297055
2026-07-16,2026-07-19T13:06:59Z,PEP,PEPSICO INC,0.294191
2026-07-16,2026-07-19T13:06:59Z,APH,AMPHENOL CORP CL A,0.290842
2026-07-16,2026-07-19T13:06:59Z,NEE,NEXTERA ENERGY INC,0.287642
2026-07-16,2026-07-19T13:06:59Z,ADI,ANALOG DEVICES INC,0.286797
2026-07-16,2026-07-19T13:06:59Z,VZ,VERIZON COMMUNICATIONS INC,0.282853
2026-07-16,2026-07-19T13:06:59Z,QCOM,QUALCOMM INC,0.277607
2026-07-16,2026-07-19T13:06:59Z,UNP,UNION PACIFIC CORP,0.274433
2026-07-16,2026-07-19T13:06:59Z,ANET,ARISTA NETWORKS INC,0.268678
2026-07-16,2026-07-19T13:06:59Z,DIS,WALT DISNEY CO/THE,0.267294
2026-07-16,2026-07-19T13:06:59Z,ABT,ABBOTT LABORATORIES,0.265743
2026-07-16,2026-07-19T13:06:59Z,TJX,TJX COMPANIES INC,0.264246
2026-07-16,2026-07-19T13:06:59Z,WELL,WELLTOWER INC,0.263165
2026-07-16,2026-07-19T13:06:59Z,GILD,GILEAD SCIENCES INC,0.261248
2026-07-16,2026-07-19T13:06:59Z,BA,BOEING CO/THE,0.260845
2026-07-16,2026-07-19T13:06:59Z,SCHW,SCHWAB (CHARLES) CORP,0.259434
2026-07-16,2026-07-19T13:06:59Z,STX,SEAGATE TECHNOLOGY HOLDINGS,0.25797
2026-07-16,2026-07-19T13:06:59Z,MRVL,MARVELL TECHNOLOGY INC,0.254433
2026-07-16,2026-07-19T13:06:59Z,WDC,WESTERN DIGITAL CORP,0.248311
2026-07-16,2026-07-19T13:06:59Z,BLK,BLACKROCK INC,0.242307
2026-07-16,2026-07-19T13:06:59Z,ETN,EATON CORP PLC,0.237539
2026-07-16,2026-07-19T13:06:59Z,T,AT+T INC,0.235771
2026-07-16,2026-07-19T13:06:59Z,UBER,UBER TECHNOLOGIES INC,0.232671
2026-07-16,2026-07-19T13:06:59Z,DE,DEERE + CO,0.232302
2026-07-16,2026-07-19T13:06:59Z,PFE,PFIZER INC,0.221137
2026-07-16,2026-07-19T13:06:59Z,BKNG,BOOKING HOLDINGS INC,0.220834
2026-07-16,2026-07-19T13:06:59Z,ISRG,INTUITIVE SURGICAL INC,0.21996
2026-07-16,2026-07-19T13:06:59Z,CRM,SALESFORCE INC,0.218072
2026-07-16,2026-07-19T13:06:59Z,PLD,PROLOGIS INC,0.215873
2026-07-16,2026-07-19T13:06:59Z,SPGI,S+P GLOBAL INC,0.214098
2026-07-16,2026-07-19T13:06:59Z,COP,CONOCOPHILLIPS,0.212223
2026-07-16,2026-07-19T13:06:59Z,CVS,CVS HEALTH CORP,0.209775
2026-07-16,2026-07-19T13:06:59Z,COF,CAPITAL ONE FINANCIAL CORP,0.203603
2026-07-16,2026-07-19T13:06:59Z,DHR,DANAHER CORP,0.19936
2026-07-16,2026-07-19T13:06:59Z,GLW,CORNING INC,0.191501
2026-07-16,2026-07-19T13:06:59Z,CB,CHUBB LTD,0.191387
2026-07-16,2026-07-19T13:06:59Z,BMY,BRISTOL MYERS SQUIBB CO,0.190753
2026-07-16,2026-07-19T13:06:59Z,SBUX,STARBUCKS CORP,0.19067
2026-07-16,2026-07-19T13:06:59Z,VRTX,VERTEX PHARMACEUTICALS INC,0.19043
2026-07-16,2026-07-19T13:06:59Z,MO,ALTRIA GROUP INC,0.188267
2026-07-16,2026-07-19T13:06:59Z,LOW,LOWE S COS INC,0.186902
2026-07-16,2026-07-19T13:06:59Z,PH,PARKER HANNIFIN CORP,0.186529
2026-07-16,2026-07-19T13:06:59Z,PGR,PROGRESSIVE CORP,0.185654
2026-07-16,2026-07-19T13:06:59Z,APP,APPLOVIN CORP CLASS A,0.180461
2026-07-16,2026-07-19T13:06:59Z,SYK,STRYKER CORP,0.176411
2026-07-16,2026-07-19T13:06:59Z,DELL,DELL TECHNOLOGIES  C,0.174795
2026-07-16,2026-07-19T13:06:59Z,VRT,VERTIV HOLDINGS CO A,0.174298
2026-07-16,2026-07-19T13:06:59Z,BNY,BANK OF NEW YORK MELLON CORP,0.170451
2026-07-16,2026-07-19T13:06:59Z,HWM,HOWMET AEROSPACE INC,0.167508
2026-07-16,2026-07-19T13:06:59Z,SO,SOUTHERN CO/THE,0.167186
2026-07-16,2026-07-19T13:06:59Z,MDT,MEDTRONIC PLC,0.165617
2026-07-16,2026-07-19T13:06:59Z,NOW,SERVICENOW INC,0.165599
2026-07-16,2026-07-19T13:06:59Z,TT,TRANE TECHNOLOGIES PLC,0.162091
2026-07-16,2026-07-19T13:06:59Z,LMT,LOCKHEED MARTIN CORP,0.16061
2026-07-16,2026-07-19T13:06:59Z,ADP,AUTOMATIC DATA PROCESSING,0.158329
2026-07-16,2026-07-19T13:06:59Z,PNC,PNC FINANCIAL SERVICES GROUP,0.158211
2026-07-16,2026-07-19T13:06:59Z,MCK,MCKESSON CORP,0.156148
2026-07-16,2026-07-19T13:06:59Z,CDNS,CADENCE DESIGN SYS INC,0.155272
2026-07-16,2026-07-19T13:06:59Z,FTNT,FORTINET INC,0.154572
2026-07-16,2026-07-19T13:06:59Z,EQIX,EQUINIX INC,0.153493
2026-07-16,2026-07-19T13:06:59Z,USB,US BANCORP,0.153394
2026-07-16,2026-07-19T13:06:59Z,DUK,DUKE ENERGY CORP,0.151778
2026-07-16,2026-07-19T13:06:59Z,NEM,NEWMONT CORP,0.149698
2026-07-16,2026-07-19T13:06:59Z,BX,BLACKSTONE INC,0.14791
2026-07-16,2026-07-19T13:06:59Z,ADBE,ADOBE INC,0.146825
2026-07-16,2026-07-19T13:06:59Z,PWR,QUANTA SERVICES INC,0.146182
2026-07-16,2026-07-19T13:06:59Z,CSX,CSX CORP,0.145981
2026-07-16,2026-07-19T13:06:59Z,GD,GENERAL DYNAMICS CORP,0.144514
2026-07-16,2026-07-19T13:06:59Z,WMB,WILLIAMS COS INC,0.14085
2026-07-16,2026-07-19T13:06:59Z,TMUS,T MOBILE US INC,0.138547
2026-07-16,2026-07-19T13:06:59Z,WM,WASTE MANAGEMENT INC,0.138164
2026-07-16,2026-07-19T13:06:59Z,CMI,CUMMINS INC,0.138003
2026-07-16,2026-07-19T13:06:59Z,MPC,MARATHON PETROLEUM CORP,0.137833
2026-07-16,2026-07-19T13:06:59Z,CME,CME GROUP INC,0.137762
2026-07-16,2026-07-19T13:06:59Z,VLO,VALERO ENERGY CORP,0.137634
2026-07-16,2026-07-19T13:06:59Z,ACN,ACCENTURE PLC CL A,0.13706
2026-07-16,2026-07-19T13:06:59Z,MRSH,MARSH + MCLENNAN COS,0.135475
2026-07-16,2026-07-19T13:06:59Z,UPS,UNITED PARCEL SERVICE CL B,0.13506
2026-07-16,2026-07-19T13:06:59Z,DDOG,DATADOG INC   CLASS A,0.13398
2026-07-16,2026-07-19T13:06:59Z,JCI,JOHNSON CONTROLS INTERNATION,0.133056
2026-07-16,2026-07-19T13:06:59Z,CMCSA,COMCAST CORP CLASS A,0.132552
2026-07-16,2026-07-19T13:06:59Z,MMM,3M CO,0.130249
2026-07-16,2026-07-19T13:06:59Z,FCX,FREEPORT MCMORAN INC,0.129958
2026-07-16,2026-07-19T13:06:59Z,HOOD,ROBINHOOD MARKETS INC   A,0.129558
2026-07-16,2026-07-19T13:06:59Z,INTU,INTUIT INC,0.125846
2026-07-16,2026-07-19T13:06:59Z,MAR,MARRIOTT INTERNATIONAL  CL A,0.125403
2026-07-16,2026-07-19T13:06:59Z,ELV,ELEVANCE HEALTH INC,0.125002
2026-07-16,2026-07-19T13:06:59Z,PSX,PHILLIPS 66,0.1246
2026-07-16,2026-07-19T13:06:59Z,CEG,CONSTELLATION ENERGY,0.124244
2026-07-16,2026-07-19T13:06:59Z,ICE,INTERCONTINENTAL EXCHANGE IN,0.123763
2026-07-16,2026-07-19T13:06:59Z,SNPS,SYNOPSYS INC,0.123326
2026-07-16,2026-07-19T13:06:59Z,MDLZ,MONDELEZ INTERNATIONAL INC A,0.121763
2026-07-16,2026-07-19T13:06:59Z,AON,AON PLC CLASS A,0.12155
2026-07-16,2026-07-19T13:06:59Z,AMT,AMERICAN TOWER CORP,0.121493
2026-07-16,2026-07-19T13:06:59Z,MCO,MOODY S CORP,0.120378
2026-07-16,2026-07-19T13:06:59Z,EMR,EMERSON ELECTRIC CO,0.120266
2026-07-16,2026-07-19T13:06:59Z,SHW,SHERWIN WILLIAMS CO/THE,0.119737
2026-07-16,2026-07-19T13:06:59Z,NSC,NORFOLK SOUTHERN CORP,0.117271
2026-07-16,2026-07-19T13:06:59Z,CL,COLGATE PALMOLIVE CO,0.116208
2026-07-16,2026-07-19T13:06:59Z,CI,THE CIGNA GROUP,0.115896
2026-07-16,2026-07-19T13:06:59Z,ROST,ROSS STORES INC,0.115743
2026-07-16,2026-07-19T13:06:59Z,SPG,SIMON PROPERTY GROUP INC,0.114386
2026-07-16,2026-07-19T13:06:59Z,ITW,ILLINOIS TOOL WORKS,0.114375
2026-07-16,2026-07-19T13:06:59Z,HLT,HILTON WORLDWIDE HOLDINGS IN,0.113587
2026-07-16,2026-07-19T13:06:59Z,RCL,ROYAL CARIBBEAN CRUISES LTD,0.113205
2026-07-16,2026-07-19T13:06:59Z,EOG,EOG RESOURCES INC,0.113014
2026-07-16,2026-07-19T13:06:59Z,AEP,AMERICAN ELECTRIC POWER,0.111821
2026-07-16,2026-07-19T13:06:59Z,TRV,TRAVELERS COS INC/THE,0.110889
2026-07-16,2026-07-19T13:06:59Z,HON,HONEYWELL INTERNATIONAL INC,0.110697
2026-07-16,2026-07-19T13:06:59Z,ORLY,O REILLY AUTOMOTIVE INC,0.11034
2026-07-16,2026-07-19T13:06:59Z,MNST,MONSTER BEVERAGE CORP,0.110092
2026-07-16,2026-07-19T13:06:59Z,KKR,KKR + CO INC,0.109668
2026-07-16,2026-07-19T13:06:59Z,CRH,CRH PLC,0.108917
2026-07-16,2026-07-19T13:06:59Z,DASH,DOORDASH INC   A,0.108867
2026-07-16,2026-07-19T13:06:59Z,SLB,SLB LTD,0.108659
2026-07-16,2026-07-19T13:06:59Z,GM,GENERAL MOTORS CO,0.108185
2026-07-16,2026-07-19T13:06:59Z,CTAS,CINTAS CORP,0.108011
2026-07-16,2026-07-19T13:06:59Z,FDX,FEDEX CORP,0.107826
2026-07-16,2026-07-19T13:06:59Z,ECL,ECOLAB INC,0.107816
2026-07-16,2026-07-19T13:06:59Z,NOC,NORTHROP GRUMMAN CORP,0.10688
2026-07-16,2026-07-19T13:06:59Z,TDG,TRANSDIGM GROUP INC,0.106254
2026-07-16,2026-07-19T13:06:59Z,MSI,MOTOROLA SOLUTIONS INC,0.106107
2026-07-16,2026-07-19T13:06:59Z,NXPI,NXP SEMICONDUCTORS NV,0.10551
2026-07-16,2026-07-19T13:06:59Z,REGN,REGENERON PHARMACEUTICALS,0.104737
2026-07-16,2026-07-19T13:06:59Z,WBD,WARNER BROS DISCOVERY INC,0.104412
2026-07-16,2026-07-19T13:06:59Z,URI,UNITED RENTALS INC,0.103624
2026-07-16,2026-07-19T13:06:59Z,PCAR,PACCAR INC,0.102914
2026-07-16,2026-07-19T13:06:59Z,TFC,TRUIST FINANCIAL CORP,0.102418
2026-07-16,2026-07-19T13:06:59Z,BSX,BOSTON SCIENTIFIC CORP,0.102382
2026-07-16,2026-07-19T13:06:59Z,APD,AIR PRODUCTS + CHEMICALS INC,0.102232
2026-07-16,2026-07-19T13:06:59Z,HONA,HONEYWELL AEROSPACE INC,0.101913
2026-07-16,2026-07-19T13:06:59Z,AJG,ARTHUR J GALLAGHER + CO,0.101504
2026-07-16,2026-07-19T13:06:59Z,MPWR,MONOLITHIC POWER SYSTEMS INC,0.098965
2026-07-16,2026-07-19T13:06:59Z,KMI,KINDER MORGAN INC,0.098351
2026-07-16,2026-07-19T13:06:59Z,TGT,TARGET CORP,0.098129
2026-07-16,2026-07-19T13:06:59Z,D,DOMINION ENERGY INC,0.097336
2026-07-16,2026-07-19T13:06:59Z,ALL,ALLSTATE CORP,0.096109
2026-07-16,2026-07-19T13:06:59Z,ABNB,AIRBNB INC CLASS A,0.095355
2026-07-16,2026-07-19T13:06:59Z,O,REALTY INCOME CORP,0.094647
2026-07-16,2026-07-19T13:06:59Z,SRE,SEMPRA,0.094003
2026-07-16,2026-07-19T13:06:59Z,GWW,WW GRAINGER INC,0.093989
2026-07-16,2026-07-19T13:06:59Z,DLR,DIGITAL REALTY TRUST INC,0.09315
2026-07-16,2026-07-19T13:06:59Z,TRGP,TARGA RESOURCES CORP,0.09286
2026-07-16,2026-07-19T13:06:59Z,COR,CENCORA INC,0.092515
2026-07-16,2026-07-19T13:06:59Z,HCA,HCA HEALTHCARE INC,0.092472
2026-07-16,2026-07-19T13:06:59Z,HPE,HEWLETT PACKARD ENTERPRISE,0.092411
2026-07-16,2026-07-19T13:06:59Z,TEL,TE CONNECTIVITY PLC,0.091279
2026-07-16,2026-07-19T13:06:59Z,FIX,COMFORT SYSTEMS USA INC,0.091118
2026-07-16,2026-07-19T13:06:59Z,OKE,ONEOK INC,0.090452
2026-07-16,2026-07-19T13:06:59Z,CTVA,CORTEVA INC,0.089469
2026-07-16,2026-07-19T13:06:59Z,APO,APOLLO GLOBAL MANAGEMENT INC,0.087815
2026-07-16,2026-07-19T13:06:59Z,DAL,DELTA AIR LINES INC,0.087369
2026-07-16,2026-07-19T13:06:59Z,AFL,AFLAC INC,0.086991
2026-07-16,2026-07-19T13:06:59Z,BKR,BAKER HUGHES CO,0.086606
2026-07-16,2026-07-19T13:06:59Z,F,FORD MOTOR CO,0.085736
2026-07-16,2026-07-19T13:06:59Z,LITE,LUMENTUM HOLDINGS INC,0.084814
2026-07-16,2026-07-19T13:06:59Z,CIEN,CIENA CORP,0.08468
2026-07-16,2026-07-19T13:06:59Z,AME,AMETEK INC,0.08397
2026-07-16,2026-07-19T13:06:59Z,COHR,COHERENT CORP,0.083636
2026-07-16,2026-07-19T13:06:59Z,CARR,CARRIER GLOBAL CORP,0.083571
2026-07-16,2026-07-19T13:06:59Z,FITB,FIFTH THIRD BANCORP,0.082866
2026-07-16,2026-07-19T13:06:59Z,NUE,NUCOR CORP,0.082858
2026-07-16,2026-07-19T13:06:59Z,FAST,FASTENAL CO,0.082712
2026-07-16,2026-07-19T13:06:59Z,CAH,CARDINAL HEALTH INC,0.082702
2026-07-16,2026-07-19T13:06:59Z,KEYS,KEYSIGHT TECHNOLOGIES IN,0.082607
2026-07-16,2026-07-19T13:06:59Z,NKE,NIKE INC  CL B,0.082531
2026-07-16,2026-07-19T13:06:59Z,LHX,L3HARRIS TECHNOLOGIES INC,0.081802
2026-07-16,2026-07-19T13:06:59Z,ETR,ENTERGY CORP,0.081194
2026-07-16,2026-07-19T13:06:59Z,ROK,ROCKWELL AUTOMATION INC,0.080485
2026-07-16,2026-07-19T13:06:59Z,STT,STATE STREET CORP,0.079318
2026-07-16,2026-07-19T13:06:59Z,PSA,PUBLIC STORAGE,0.07916
2026-07-16,2026-07-19T13:06:59Z,MET,METLIFE INC,0.078179
2026-07-16,2026-07-19T13:06:59Z,CVNA,CARVANA CO,0.078133
2026-07-16,2026-07-19T13:06:59Z,EW,EDWARDS LIFESCIENCES CORP,0.078083
2026-07-16,2026-07-19T13:06:59Z,TER,TERADYNE INC,0.077861
2026-07-16,2026-07-19T13:06:59Z,AZO,AUTOZONE INC,0.077853
2026-07-16,2026-07-19T13:06:59Z,PYPL,PAYPAL HOLDINGS INC,0.077251
2026-07-16,2026-07-19T13:06:59Z,XEL,XCEL ENERGY INC,0.07708
2026-07-16,2026-07-19T13:06:59Z,DVN,DEVON ENERGY CORP,0.076365
2026-07-16,2026-07-19T13:06:59Z,EBAY,EBAY INC,0.076017
2026-07-16,2026-07-19T13:06:59Z,VST,VISTRA CORP,0.074653
2026-07-16,2026-07-19T13:06:59Z,AMP,AMERIPRISE FINANCIAL INC,0.073993
2026-07-16,2026-07-19T13:06:59Z,EXC,EXELON CORP,0.073909
2026-07-16,2026-07-19T13:06:59Z,EA,ELECTRONIC ARTS INC,0.072277
2026-07-16,2026-07-19T13:06:59Z,HUM,HUMANA INC,0.071651
2026-07-16,2026-07-19T13:06:59Z,MSCI,MSCI INC,0.071605
2026-07-16,2026-07-19T13:06:59Z,VTR,VENTAS INC,0.071333
2026-07-16,2026-07-19T13:06:59Z,ADSK,AUTODESK INC,0.070745
2026-07-16,2026-07-19T13:06:59Z,IDXX,IDEXX LABORATORIES INC,0.070168
2026-07-16,2026-07-19T13:06:59Z,RSG,REPUBLIC SERVICES INC,0.069312
2026-07-16,2026-07-19T13:06:59Z,WAB,WABTEC CORP,0.069114
2026-07-16,2026-07-19T13:06:59Z,FLEX,FLEX LTD,0.068746
2026-07-16,2026-07-19T13:06:59Z,MCHP,MICROCHIP TECHNOLOGY INC,0.068239
2026-07-16,2026-07-19T13:06:59Z,BDX,BECTON DICKINSON AND CO,0.068034
2026-07-16,2026-07-19T13:06:59Z,CMG,CHIPOTLE MEXICAN GRILL INC,0.067723
2026-07-16,2026-07-19T13:06:59Z,AXON,AXON ENTERPRISE INC,0.067425
2026-07-16,2026-07-19T13:06:59Z,XYZ,BLOCK INC,0.067352
2026-07-16,2026-07-19T13:06:59Z,ODFL,OLD DOMINION FREIGHT LINE,0.066999
2026-07-16,2026-07-19T13:06:59Z,KDP,KEURIG DR PEPPER INC,0.06591
2026-07-16,2026-07-19T13:06:59Z,NDAQ,NASDAQ INC,0.065007
2026-07-16,2026-07-19T13:06:59Z,CBRE,CBRE GROUP INC   A,0.064957
2026-07-16,2026-07-19T13:06:59Z,YUM,YUM  BRANDS INC,0.064722
2026-07-16,2026-07-19T13:06:59Z,TTWO,TAKE TWO INTERACTIVE SOFTWRE,0.064379
2026-07-16,2026-07-19T13:06:59Z,ED,CONSOLIDATED EDISON INC,0.063949
2026-07-16,2026-07-19T13:06:59Z,AIG,AMERICAN INTERNATIONAL GROUP,0.063866
2026-07-16,2026-07-19T13:06:59Z,IBKR,INTERACTIVE BROKERS GRO CL A,0.063413
2026-07-16,2026-07-19T13:06:59Z,PRU,PRUDENTIAL FINANCIAL INC,0.063343
2026-07-16,2026-07-19T13:06:59Z,GRMN,GARMIN LTD,0.063297
2026-07-16,2026-07-19T13:06:59Z,DHI,DR HORTON INC,0.062872
2026-07-16,2026-07-19T13:06:59Z,ADM,ARCHER DANIELS MIDLAND CO,0.061749
2026-07-16,2026-07-19T13:06:59Z,PEG,PUBLIC SERVICE ENTERPRISE GP,0.061183
2026-07-16,2026-07-19T13:06:59Z,SYY,SYSCO CORP,0.060716
2026-07-16,2026-07-19T13:06:59Z,OXY,OCCIDENTAL PETROLEUM CORP,0.060137
2026-07-16,2026-07-19T13:06:59Z,PCG,P G + E CORP,0.059596
2026-07-16,2026-07-19T13:06:59Z,UAL,UNITED AIRLINES HOLDINGS INC,0.05953
2026-07-16,2026-07-19T13:06:59Z,A,AGILENT TECHNOLOGIES INC,0.059381
2026-07-16,2026-07-19T13:06:59Z,VMC,VULCAN MATERIALS CO,0.058779
2026-07-16,2026-07-19T13:06:59Z,HBAN,HUNTINGTON BANCSHARES INC,0.058082
2026-07-16,2026-07-19T13:06:59Z,HIG,HARTFORD INSURANCE GROUP INC,0.057831
2026-07-16,2026-07-19T13:06:59Z,WEC,WEC ENERGY GROUP INC,0.057573
2026-07-16,2026-07-19T13:06:59Z,MTB,M + T BANK CORP,0.057436
2026-07-16,2026-07-19T13:06:59Z,WAT,WATERS CORP,0.057251
2026-07-16,2026-07-19T13:06:59Z,PAYX,PAYCHEX INC,0.057109
2026-07-16,2026-07-19T13:06:59Z,FANG,DIAMONDBACK ENERGY INC,0.056965
2026-07-16,2026-07-19T13:06:59Z,ROP,ROPER TECHNOLOGIES INC,0.056723
2026-07-16,2026-07-19T13:06:59Z,KVUE,KENVUE INC,0.056376
2026-07-16,2026-07-19T13:06:59Z,IRM,IRON MOUNTAIN INC,0.055874
2026-07-16,2026-07-19T13:06:59Z,KMB,KIMBERLY CLARK CORP,0.055846
2026-07-16,2026-07-19T13:06:59Z,COIN,COINBASE GLOBAL INC  CLASS A,0.055109
2026-07-16,2026-07-19T13:06:59Z,IQV,IQVIA HOLDINGS INC,0.05424
2026-07-16,2026-07-19T13:06:59Z,NTRS,NORTHERN TRUST CORP,0.053849
2026-07-16,2026-07-19T13:06:59Z,ACGL,ARCH CAPITAL GROUP LTD,0.053745
2026-07-16,2026-07-19T13:06:59Z,MLM,MARTIN MARIETTA MATERIALS,0.05349
2026-07-16,2026-07-19T13:06:59Z,ON,ON SEMICONDUCTOR,0.053312
2026-07-16,2026-07-19T13:06:59Z,CCL,CARNIVAL CORP LTD,0.053157
2026-07-16,2026-07-19T13:06:59Z,CCI,CROWN CASTLE INC,0.053138
2026-07-16,2026-07-19T13:06:59Z,EME,EMCOR GROUP INC,0.051475
2026-07-16,2026-07-19T13:06:59Z,KR,KROGER CO,0.051325
2026-07-16,2026-07-19T13:06:59Z,JBL,JABIL INC,0.05001
2026-07-16,2026-07-19T13:06:59Z,ZTS,ZOETIS INC,0.049776
2026-07-16,2026-07-19T13:06:59Z,STLD,STEEL DYNAMICS INC,0.049187
2026-07-16,2026-07-19T13:06:59Z,EXR,EXTRA SPACE STORAGE INC,0.049022
2026-07-16,2026-07-19T13:06:59Z,NTAP,NETAPP INC,0.048714
2026-07-16,2026-07-19T13:06:59Z,CFG,CITIZENS FINANCIAL GROUP,0.04857
2026-07-16,2026-07-19T13:06:59Z,AEE,AMEREN CORPORATION,0.048305
2026-07-16,2026-07-19T13:06:59Z,EXPE,EXPEDIA GROUP INC,0.047883
2026-07-16,2026-07-19T13:06:59Z,DTE,DTE ENERGY COMPANY,0.047825
2026-07-16,2026-07-19T13:06:59Z,EQT,EQT CORP,0.047698
2026-07-16,2026-07-19T13:06:59Z,BIIB,BIOGEN INC,0.047685
2026-07-16,2026-07-19T13:06:59Z,CASY,CASEY S GENERAL STORES INC,0.047254
2026-07-16,2026-07-19T13:06:59Z,IR,INGERSOLL RAND INC,0.046562
2026-07-16,2026-07-19T13:06:59Z,EIX,EDISON INTERNATIONAL,0.046364
2026-07-16,2026-07-19T13:06:59Z,DXCM,DEXCOM INC,0.046298
2026-07-16,2026-07-19T13:06:59Z,CNC,CENTENE CORP,0.046204
2026-07-16,2026-07-19T13:06:59Z,GEHC,GE HEALTHCARE TECHNOLOGY,0.04614
2026-07-16,2026-07-19T13:06:59Z,XYL,XYLEM INC,0.04598
2026-07-16,2026-07-19T13:06:59Z,VICI,VICI PROPERTIES INC,0.045756
2026-07-16,2026-07-19T13:06:59Z,VEEV,VEEVA SYSTEMS INC CLASS A,0.045746
2026-07-16,2026-07-19T13:06:59Z,WDAY,WORKDAY INC CLASS A,0.045734
2026-07-16,2026-07-19T13:06:59Z,ATO,ATMOS ENERGY CORP,0.045635
2026-07-16,2026-07-19T13:06:59Z,RJF,RAYMOND JAMES FINANCIAL INC,0.045447
2026-07-16,2026-07-19T13:06:59Z,RMD,RESMED INC,0.045403
2026-07-16,2026-07-19T13:06:59Z,DOV,DOVER CORP,0.045253
2026-07-16,2026-07-19T13:06:59Z,HAL,HALLIBURTON CO,0.045175
2026-07-16,2026-07-19T13:06:59Z,TDY,TELEDYNE TECHNOLOGIES INC,0.045128
2026-07-16,2026-07-19T13:06:59Z,TPR,TAPESTRY INC,0.045044
2026-07-16,2026-07-19T13:06:59Z,CBOE,CBOE GLOBAL MARKETS INC,0.044985
2026-07-16,2026-07-19T13:06:59Z,OTIS,OTIS WORLDWIDE CORP,0.044424
2026-07-16,2026-07-19T13:06:59Z,FICO,FAIR ISAAC CORP,0.044382
2026-07-16,2026-07-19T13:06:59Z,LYV,LIVE NATION ENTERTAINMENT IN,0.043941
2026-07-16,2026-07-19T13:06:59Z,CNP,CENTERPOINT ENERGY INC,0.043752
2026-07-16,2026-07-19T13:06:59Z,Q,QNITY ELECTRONICS INC,0.043751
2026-07-16,2026-07-19T13:06:59Z,ES,EVERSOURCE ENERGY,0.043504
2026-07-16,2026-07-19T13:06:59Z,DG,DOLLAR GENERAL CORP,0.043285
2026-07-16,2026-07-19T13:06:59Z,NRG,NRG ENERGY INC,0.043234
2026-07-16,2026-07-19T13:06:59Z,WTW,WILLIS TOWERS WATSON PLC,0.042923
2026-07-16,2026-07-19T13:06:59Z,RF,REGIONS FINANCIAL CORP,0.042685
2026-07-16,2026-07-19T13:06:59Z,FISV,FISERV INC,0.042576
2026-07-16,2026-07-19T13:06:59Z,PPL,PPL CORP,0.042254
2026-07-16,2026-07-19T13:06:59Z,CINF,CINCINNATI FINANCIAL CORP,0.042104
2026-07-16,2026-07-19T13:06:59Z,AVB,AVALONBAY COMMUNITIES INC,0.041934
2026-07-16,2026-07-19T13:06:59Z,MTD,METTLER TOLEDO INTERNATIONAL,0.041426
2026-07-16,2026-07-19T13:06:59Z,WSM,WILLIAMS SONOMA INC,0.041369
2026-07-16,2026-07-19T13:06:59Z,ARES,ARES MANAGEMENT CORP   A,0.040839
2026-07-16,2026-07-19T13:06:59Z,PPG,PPG INDUSTRIES INC,0.040836
2026-07-16,2026-07-19T13:06:59Z,VRSK,VERISK ANALYTICS INC,0.040756
2026-07-16,2026-07-19T13:06:59Z,AWK,AMERICAN WATER WORKS CO INC,0.040493
2026-07-16,2026-07-19T13:06:59Z,HSY,HERSHEY CO/THE,0.040053
2026-07-16,2026-07-19T13:06:59Z,WST,WEST PHARMACEUTICAL SERVICES,0.039529
2026-07-16,2026-07-19T13:06:59Z,FE,FIRSTENERGY CORP,0.039467
2026-07-16,2026-07-19T13:06:59Z,HUBB,HUBBELL INC,0.039342
2026-07-16,2026-07-19T13:06:59Z,TROW,T ROWE PRICE GROUP INC,0.039318
2026-07-16,2026-07-19T13:06:59Z,CPRT,COPART INC,0.038706
2026-07-16,2026-07-19T13:06:59Z,SYF,SYNCHRONY FINANCIAL,0.038572
2026-07-16,2026-07-19T13:06:59Z,PHM,PULTEGROUP INC,0.037935
2026-07-16,2026-07-19T13:06:59Z,CPAY,CORPAY INC,0.037522
2026-07-16,2026-07-19T13:06:59Z,CHRW,C.H. ROBINSON WORLDWIDE INC,0.037434
2026-07-16,2026-07-19T13:06:59Z,LUV,SOUTHWEST AIRLINES CO,0.037286
2026-07-16,2026-07-19T13:06:59Z,TPL,TEXAS PACIFIC LAND CORP,0.037199
2026-07-16,2026-07-19T13:06:59Z,OMC,OMNICOM GROUP,0.037031
2026-07-16,2026-07-19T13:06:59Z,EQR,EQUITY RESIDENTIAL,0.036847
2026-07-16,2026-07-19T13:06:59Z,EXPD,EXPEDITORS INTL WASH INC,0.036742
2026-07-16,2026-07-19T13:06:59Z,SW,SMURFIT WESTROCK PLC,0.036273
2026-07-16,2026-07-19T13:06:59Z,CHD,CHURCH + DWIGHT CO INC,0.036163
2026-07-16,2026-07-19T13:06:59Z,DLTR,DOLLAR TREE INC,0.035911
2026-07-16,2026-07-19T13:06:59Z,DGX,QUEST DIAGNOSTICS INC,0.035782
2026-07-16,2026-07-19T13:06:59Z,VLTO,VERALTO CORP,0.035716
2026-07-16,2026-07-19T13:06:59Z,LH,LABCORP HOLDINGS INC,0.035704
2026-07-16,2026-07-19T13:06:59Z,DRI,DARDEN RESTAURANTS INC,0.03557
2026-07-16,2026-07-19T13:06:59Z,CMS,CMS ENERGY CORP,0.035313
2026-07-16,2026-07-19T13:06:59Z,FSLR,FIRST SOLAR INC,0.035124
2026-07-16,2026-07-19T13:06:59Z,FFIV,F5 INC,0.035096
2026-07-16,2026-07-19T13:06:59Z,VRSN,VERISIGN INC,0.034783
2026-07-16,2026-07-19T13:06:59Z,KHC,KRAFT HEINZ CO/THE,0.03468
2026-07-16,2026-07-19T13:06:59Z,MRNA,MODERNA INC,0.034429
2026-07-16,2026-07-19T13:06:59Z,PFG,PRINCIPAL FINANCIAL GROUP,0.034315
2026-07-16,2026-07-19T13:06:59Z,JBHT,HUNT (JB) TRANSPRT SVCS INC,0.0343
2026-07-16,2026-07-19T13:06:59Z,NI,NISOURCE INC,0.034151
2026-07-16,2026-07-19T13:06:59Z,KEY,KEYCORP,0.034131
2026-07-16,2026-07-19T13:06:59Z,HPQ,HP INC,0.034103
2026-07-16,2026-07-19T13:06:59Z,FIS,FIDELITY NATIONAL INFO SERV,0.03401
2026-07-16,2026-07-19T13:06:59Z,STE,STERIS PLC,0.033483
2026-07-16,2026-07-19T13:06:59Z,SNA,SNAP ON INC,0.033184
2026-07-16,2026-07-19T13:06:59Z,EFX,EQUIFAX INC,0.033017
2026-07-16,2026-07-19T13:06:59Z,CTSH,COGNIZANT TECH SOLUTIONS A,0.032599
2026-07-16,2026-07-19T13:06:59Z,EXE,EXPAND ENERGY CORP,0.032592
2026-07-16,2026-07-19T13:06:59Z,DOW,DOW INC,0.032487
2026-07-16,2026-07-19T13:06:59Z,ULTA,ULTA BEAUTY INC,0.03219
2026-07-16,2026-07-19T13:06:59Z,PKG,PACKAGING CORP OF AMERICA,0.031983
2026-07-16,2026-07-19T13:06:59Z,GIS,GENERAL MILLS INC,0.031883
2026-07-16,2026-07-19T13:06:59Z,AMCR,AMCOR PLC,0.031781
2026-07-16,2026-07-19T13:06:59Z,WRB,WR BERKLEY CORP,0.031733
2026-07-16,2026-07-19T13:06:59Z,EL,ESTEE LAUDER COMPANIES CL A,0.031525
2026-07-16,2026-07-19T13:06:59Z,BRO,BROWN + BROWN INC,0.031248
2026-07-16,2026-07-19T13:06:59Z,VTRS,VIATRIS INC,0.031122
2026-07-16,2026-07-19T13:06:59Z,IP,INTERNATIONAL PAPER CO,0.03089
2026-07-16,2026-07-19T13:06:59Z,EVRG,EVERGY INC,0.030807
2026-07-16,2026-07-19T13:06:59Z,IFF,INTL FLAVORS + FRAGRANCES,0.030657
2026-07-16,2026-07-19T13:06:59Z,SBAC,SBA COMMUNICATIONS CORP,0.030288
2026-07-16,2026-07-19T13:06:59Z,LNT,ALLIANT ENERGY CORP,0.030034
2026-07-16,2026-07-19T13:06:59Z,INCY,INCYTE CORP,0.030009
2026-07-16,2026-07-19T13:06:59Z,L,LOEWS CORP,0.029668
2026-07-16,2026-07-19T13:06:59Z,ESS,ESSEX PROPERTY TRUST INC,0.029494
2026-07-16,2026-07-19T13:06:59Z,FTV,FORTIVE CORP,0.029393
2026-07-16,2026-07-19T13:06:59Z,STZ,CONSTELLATION BRANDS INC A,0.029221
2026-07-16,2026-07-19T13:06:59Z,GPN,GLOBAL PAYMENTS INC,0.028893
2026-07-16,2026-07-19T13:06:59Z,LEN,LENNAR CORP W/D,0.028712
2026-07-16,2026-07-19T13:06:59Z,DD,DUPONT DE NEMOURS INC,0.028512
2026-07-16,2026-07-19T13:06:59Z,CF,CF INDUSTRIES HOLDINGS INC,0.028142
2026-07-16,2026-07-19T13:06:59Z,ZBH,ZIMMER BIOMET HOLDINGS INC,0.027998
2026-07-16,2026-07-19T13:06:59Z,NVR,NVR INC,0.027828
2026-07-16,2026-07-19T13:06:59Z,BR,BROADRIDGE FINANCIAL SOLUTIO,0.027327
2026-07-16,2026-07-19T13:06:59Z,LII,LENNOX INTERNATIONAL INC,0.027286
2026-07-16,2026-07-19T13:06:59Z,KIM,KIMCO REALTY CORP,0.0271
2026-07-16,2026-07-19T13:06:59Z,WY,WEYERHAEUSER CO,0.027011
2026-07-16,2026-07-19T13:06:59Z,GPC,GENUINE PARTS CO,0.0267
2026-07-16,2026-07-19T13:06:59Z,AKAM,AKAMAI TECHNOLOGIES INC,0.026663
2026-07-16,2026-07-19T13:06:59Z,CDW,CDW CORP/DE,0.026494
2026-07-16,2026-07-19T13:06:59Z,IEX,IDEX CORP,0.026162
2026-07-16,2026-07-19T13:06:59Z,BALL,BALL CORP,0.025954
2026-07-16,2026-07-19T13:06:59Z,BBY,BEST BUY CO INC,0.025889
2026-07-16,2026-07-19T13:06:59Z,INVH,INVITATION HOMES INC,0.025666
2026-07-16,2026-07-19T13:06:59Z,FDXF,FEDEX FREIGHT HOLDING CO,0.025503
2026-07-16,2026-07-19T13:06:59Z,TSN,TYSON FOODS INC CL A,0.025187
2026-07-16,2026-07-19T13:06:59Z,TSCO,TRACTOR SUPPLY COMPANY,0.025107
2026-07-16,2026-07-19T13:06:59Z,MAS,MASCO CORP,0.02504
2026-07-16,2026-07-19T13:06:59Z,BG,BUNGE GLOBAL SA,0.024361
2026-07-16,2026-07-19T13:06:59Z,TXT,TEXTRON INC,0.024279
2026-07-16,2026-07-19T13:06:59Z,MAA,MID AMERICA APARTMENT COMM,0.024224
2026-07-16,2026-07-19T13:06:59Z,J,JACOBS SOLUTIONS INC,0.024113
2026-07-16,2026-07-19T13:06:59Z,NDSN,NORDSON CORP,0.024008
2026-07-16,2026-07-19T13:06:59Z,DOC,HEALTHPEAK PROPERTIES INC,0.023858
2026-07-16,2026-07-19T13:06:59Z,DECK,DECKERS OUTDOOR CORP,0.023807
2026-07-16,2026-07-19T13:06:59Z,HST,HOST HOTELS + RESORTS INC,0.023274
2026-07-16,2026-07-19T13:06:59Z,RL,RALPH LAUREN CORP,0.023218
2026-07-16,2026-07-19T13:06:59Z,LYB,LYONDELLBASELL INDU CL A,0.023125
2026-07-16,2026-07-19T13:06:59Z,GEN,GEN DIGITAL INC,0.022855
2026-07-16,2026-07-19T13:06:59Z,EG,EVEREST GROUP LTD,0.022802
2026-07-16,2026-07-19T13:06:59Z,PTC,PTC INC,0.022711
2026-07-16,2026-07-19T13:06:59Z,GL,GLOBE LIFE INC,0.022123
2026-07-16,2026-07-19T13:06:59Z,COO,COOPER COS INC/THE,0.022013
2026-07-16,2026-07-19T13:06:59Z,SWK,STANLEY BLACK + DECKER INC,0.021912
2026-07-16,2026-07-19T13:06:59Z,ALB,ALBEMARLE CORP,0.021719
2026-07-16,2026-07-19T13:06:59Z,SMCI,SUPER MICRO COMPUTER INC,0.02144
2026-07-16,2026-07-19T13:06:59Z,AIZ,ASSURANT INC,0.021078
2026-07-16,2026-07-19T13:06:59Z,LVS,LAS VEGAS SANDS CORP,0.021037
2026-07-16,2026-07-19T13:06:59Z,LDOS,LEIDOS HOLDINGS INC,0.021029
2026-07-16,2026-07-19T13:06:59Z,REG,REGENCY CENTERS CORP,0.020957
2026-07-16,2026-07-19T13:06:59Z,MKC,MCCORMICK + CO NON VTG SHRS,0.020805
2026-07-16,2026-07-19T13:06:59Z,IVZ,INVESCO LTD,0.020781
2026-07-16,2026-07-19T13:06:59Z,ROL,ROLLINS INC,0.020613
2026-07-16,2026-07-19T13:06:59Z,TYL,TYLER TECHNOLOGIES INC,0.020571
2026-07-16,2026-07-19T13:06:59Z,PNW,PINNACLE WEST CAPITAL,0.020458
2026-07-16,2026-07-19T13:06:59Z,GDDY,GODADDY INC   CLASS A,0.019669
2026-07-16,2026-07-19T13:06:59Z,ZBRA,ZEBRA TECHNOLOGIES CORP CL A,0.0195
2026-07-16,2026-07-19T13:06:59Z,GNRC,GENERAC HOLDINGS INC,0.019391
2026-07-16,2026-07-19T13:06:59Z,APTV,APTIV PLC,0.019384
2026-07-16,2026-07-19T13:06:59Z,TRMB,TRIMBLE INC,0.019342
2026-07-16,2026-07-19T13:06:59Z,AVY,AVERY DENNISON CORP,0.019249
2026-07-16,2026-07-19T13:06:59Z,RVTY,REVVITY INC,0.019229
2026-07-16,2026-07-19T13:06:59Z,LULU,LULULEMON ATHLETICA INC,0.019206
2026-07-16,2026-07-19T13:06:59Z,CSGP,COSTAR GROUP INC,0.019147
2026-07-16,2026-07-19T13:06:59Z,ECHO,ECHOSTAR CORP A,0.019092
2026-07-16,2026-07-19T13:06:59Z,SJM,JM SMUCKER CO/THE,0.018767
2026-07-16,2026-07-19T13:06:59Z,APA,APA CORP,0.018706
2026-07-16,2026-07-19T13:06:59Z,BAX,BAXTER INTERNATIONAL INC,0.018702
2026-07-16,2026-07-19T13:06:59Z,SOLV,SOLVENTUM CORP,0.018563
2026-07-16,2026-07-19T13:06:59Z,CLX,CLOROX COMPANY,0.018525
2026-07-16,2026-07-19T13:06:59Z,UDR,UDR INC,0.01845
2026-07-16,2026-07-19T13:06:59Z,ALLE,ALLEGION PLC,0.018296
2026-07-16,2026-07-19T13:06:59Z,ALGN,ALIGN TECHNOLOGY INC,0.01815
2026-07-16,2026-07-19T13:06:59Z,TKO,TKO GROUP HOLDINGS INC,0.017954
2026-07-16,2026-07-19T13:06:59Z,CPT,CAMDEN PROPERTY TRUST,0.017775
2026-07-16,2026-07-19T13:06:59Z,PODD,INSULET CORP,0.01758
2026-07-16,2026-07-19T13:06:59Z,FOXA,FOX CORP   CLASS A,0.017495
2026-07-16,2026-07-19T13:06:59Z,TECH,BIO TECHNE CORP,0.017377
2026-07-16,2026-07-19T13:06:59Z,CHTR,CHARTER COMMUNICATIONS INC A,0.017207
2026-07-16,2026-07-19T13:06:59Z,CRL,CHARLES RIVER LABORATORIES,0.017041
2026-07-16,2026-07-19T13:06:59Z,HAS,HASBRO INC,0.016905
2026-07-16,2026-07-19T13:06:59Z,JKHY,JACK HENRY + ASSOCIATES INC,0.01687
2026-07-16,2026-07-19T13:06:59Z,HII,HUNTINGTON INGALLS INDUSTRIE,0.016412
2026-07-16,2026-07-19T13:06:59Z,PNR,PENTAIR PLC,0.01639
2026-07-16,2026-07-19T13:06:59Z,AES,AES CORP,0.016294
2026-07-16,2026-07-19T13:06:59Z,NWSA,NEWS CORP   CLASS A,0.016157
2026-07-16,2026-07-19T13:06:59Z,BXP,BXP INC,0.016119
2026-07-16,2026-07-19T13:06:59Z,BEN,FRANKLIN RESOURCES INC,0.015776
2026-07-16,2026-07-19T13:06:59Z,DPZ,DOMINO S PIZZA INC,0.015582
2026-07-16,2026-07-19T13:06:59Z,FRT,FEDERAL REALTY INVS TRUST,0.015265
2026-07-16,2026-07-19T13:06:59Z,IT,GARTNER INC,0.014772
2026-07-16,2026-07-19T13:06:59Z,FDS,FACTSET RESEARCH SYSTEMS INC,0.014758
2026-07-16,2026-07-19T13:06:59Z,NCLH,NORWEGIAN CRUISE LINE HOLDIN,0.013995
2026-07-16,2026-07-19T13:06:59Z,MGM,MGM RESORTS INTERNATIONAL,0.013733
2026-07-16,2026-07-19T13:06:59Z,SWKS,SKYWORKS SOLUTIONS INC,0.01338
2026-07-16,2026-07-19T13:06:59Z,HSIC,HENRY SCHEIN INC,0.013192
2026-07-16,2026-07-19T13:06:59Z,BLDR,BUILDERS FIRSTSOURCE INC,0.012982
2026-07-16,2026-07-19T13:06:59Z,WYNN,WYNN RESORTS LTD,0.012698
2026-07-16,2026-07-19T13:06:59Z,UHS,UNIVERSAL HEALTH SERVICES B,0.012633
2026-07-16,2026-07-19T13:06:59Z,TTD,TRADE DESK INC/THE  CLASS A,0.012603
2026-07-16,2026-07-19T13:06:59Z,ARE,ALEXANDRIA REAL ESTATE EQUIT,0.012096
2026-07-16,2026-07-19T13:06:59Z,DVA,DAVITA INC,0.011604
2026-07-16,2026-07-19T13:06:59Z,HRL,HORMEL FOODS CORP,0.011576
2026-07-16,2026-07-19T13:06:59Z,MOS,MOSAIC CO/THE,0.011135
2026-07-16,2026-07-19T13:06:59Z,FOX,FOX CORP   CLASS B,0.011031
2026-07-16,2026-07-19T13:06:59Z,AOS,SMITH (A.O.) CORP,0.010459
2026-07-16,2026-07-19T13:06:59Z,TAP,MOLSON COORS BEVERAGE CO   B,0.010348
2026-07-16,2026-07-19T13:06:59Z,ERIE,ERIE INDEMNITY COMPANY CL A,0.008857
2026-07-16,2026-07-19T13:06:59Z,BF-B,BROWN FORMAN CORP CLASS B,0.006748
2026-07-16,2026-07-19T13:06:59Z,NWS,NEWS CORP   CLASS B,0.006127
2026-07-16,2026-07-19T13:06:59Z,PSKY,PARAMOUNT SKYDANCE CL B,0.004434
